Origin,Dest,flights,delay_rate,avg_arr_delay,avg_risk,distance,route_share_to_dest,route_share_from_origin
ATL,AUS,931,0.21697099892588614,9.848549946294307,0.2089876603335391,813.0,0.06251678753693259,0.026931643958459893
ATL,BNA,858,0.13403263403263405,8.031468531468532,0.13749318857251405,214.0,0.05224698575082207,0.02481992536665799
ATL,BOS,1031,0.1454898157129001,9.250242483026188,0.15570757350176256,946.0,0.0439115805613527,0.029824409152709074
ATL,BWI,1338,0.18310911808669655,10.801943198804185,0.17000999493653934,577.0,0.10716001922152811,0.03870519829905406
ATL,CLT,1138,0.1274165202108963,8.125659050966608,0.14069649377174362,226.0,0.05309321638518242,0.0329196679105557
ATL,DAL,720,0.17777777777777778,9.455555555555556,0.17413886839163834,721.0,0.0807899461400359,0.020827909398594115
ATL,DCA,1681,0.16894705532421178,11.217132659131469,0.1535365387807957,547.0,0.0943851768669287,0.04862738291532876
ATL,DEN,1413,0.15711252653927812,8.551309271054494,0.15741201868449942,1199.0,0.045237714102769326,0.040874772194740956
ATL,DFW,1474,0.2645861601085482,19.73609226594301,0.23742217338046614,731.0,0.0535279805352798,0.042639358963232954
ATL,DTW,1179,0.1967769296013571,10.682782018659882,0.17950957245230928,594.0,0.06815422856812532,0.03410570164019786
ATL,EWR,1353,0.1433850702143385,9.685883222468588,0.13837885303290626,746.0,0.07326979313332611,0.03913911307819144
ATL,FLL,2131,0.25340215861098075,17.093383388080714,0.2091939061564348,581.0,0.11759187727623882,0.06164482628945009
ATL,IAH,1014,0.19822485207100593,14.655818540433925,0.186058787088978,689.0,0.05565618310554915,0.029332639069686712
ATL,JFK,723,0.2268326417704011,19.96542185338866,0.17979646681699643,760.0,0.041789491936882264,0.02091469235442159
ATL,LAS,1122,0.22994652406417113,15.177361853832442,0.22919287840466745,1747.0,0.0456134645093097,0.03245682547947583
ATL,LAX,1160,0.19913793103448277,11.552586206896551,0.16059476548355406,1947.0,0.0398406374501992,0.03355607625329052
ATL,LGA,1901,0.1557075223566544,11.647553918990006,0.14847180772104188,762.0,0.09329145605339353,0.054991466342676966
ATL,MCO,2325,0.25763440860215053,16.7505376344086,0.21103966708729618,404.0,0.08477975495915986,0.0672567907662935
ATL,MDW,796,0.16080402010050251,11.18467336683417,0.16751665662019485,591.0,0.0776282426370197,0.023026410946223496
ATL,MIA,1808,0.28982300884955753,23.648783185840706,0.2548888278861913,594.0,0.08538370720188902,0.052301194712025226
ATL,MSP,856,0.10514018691588785,7.16588785046729,0.11529741495875931,907.0,0.05651284082656632,0.024762070062773006
ATL,ORD,1272,0.1871069182389937,15.56996855345912,0.15473665046559912,606.0,0.04147375285295077,0.0367959732708496
ATL,PHL,1277,0.16914643696162882,9.764291307752545,0.15811800668644171,666.0,0.08677629790703996,0.036940611530562065
ATL,PHX,866,0.20092378752886836,12.734411085450347,0.18344725487685878,1587.0,0.034583283415199076,0.025051346582197924
ATL,SAN,452,0.11061946902654868,5.274336283185841,0.12463792038711259,1892.0,0.032015866270009914,0.013075298678006306
ATL,SEA,677,0.10487444608567208,6.644017725258493,0.12559640016735088,2182.0,0.03935817685018313,0.019584020365066967
ATL,SFO,612,0.25980392156862747,16.48856209150327,0.19865656848972701,2139.0,0.031688499974110704,0.017703722988804998
ATL,SLC,759,0.14756258234519104,6.894598155467721,0.14000960779876234,1590.0,0.04758322362234343,0.021956087824351298
ATL,TPA,1702,0.24676850763807284,15.897767332549941,0.19818965126397417,406.0,0.1103046014257939,0.049234863606121095
AUS,ATL,928,0.12607758620689655,7.470905172413793,0.1493254541516685,813.0,0.026838649969632995,0.06246634356488961
AUS,BNA,520,0.21153846153846154,12.196153846153846,0.22719376594916846,756.0,0.03166483984898307,0.03500269251480883
AUS,BOS,310,0.22903225806451613,17.506451612903227,0.2503084076910973,1698.0,0.013203288044635633,0.020866989768443728
AUS,BWI,275,0.14545454545454545,7.527272727272727,0.1868555798315089,1342.0,0.02202466762774307,0.01851103931071621
AUS,CLT,453,0.19646799116997793,15.324503311258278,0.2063436018331163,1032.0,0.02113464588970794,0.030492730210016156
AUS,DAL,634,0.15457413249211358,9.037854889589905,0.17654961078853593,189.0,0.07114003590664272,0.04267635971997846
AUS,DCA,89,0.1348314606741573,6.820224719101123,0.1934397660902756,1315.0,0.004997192588433464,0.005990845449649973
AUS,DEN,1043,0.17545541706615533,11.883988494726749,0.18814029179511443,775.0,0.03339202817352329,0.07020732364028003
AUS,DFW,1216,0.25493421052631576,29.67516447368421,0.2576619881515471,190.0,0.04415876820278171,0.08185245018847603
AUS,DTW,259,0.09652509652509653,6.984555984555985,0.12651108759918359,1149.0,0.014971963697323544,0.01743403338718363
AUS,EWR,409,0.1198044009779951,10.486552567237164,0.12580650422498232,1504.0,0.02214881403660782,0.027530963920301563
AUS,FLL,376,0.3271276595744681,20.65691489361702,0.28043368427074794,1105.0,0.020748261781260345,0.025309639203015617
AUS,IAH,502,0.16334661354581673,10.93227091633466,0.16336138293607355,140.0,0.027553652780064768,0.03379106085083468
AUS,JFK,592,0.24155405405405406,20.491554054054053,0.22288323279989736,1521.0,0.03421767527888561,0.03984921917070544
AUS,LAS,806,0.29156327543424315,19.57940446650124,0.3215948619133383,1090.0,0.03276689161720465,0.05425417339795369
AUS,LAX,936,0.2329059829059829,14.072649572649572,0.23149071233566662,1242.0,0.03214727297705729,0.0630048465266559
AUS,MCO,721,0.23578363384188628,16.16504854368932,0.2102184259656197,994.0,0.026290840140023336,0.04853257942918686
AUS,MDW,309,0.15210355987055016,6.789644012944984,0.17787861568514757,972.0,0.03013458162668227,0.02079967689822294
AUS,MIA,480,0.28541666666666665,18.408333333333335,0.24874217591355732,1103.0,0.022668240850059033,0.03231017770597738
AUS,MSP,312,0.1346153846153846,12.791666666666666,0.12973996128370072,1042.0,0.02059813824519707,0.0210016155088853
AUS,ORD,672,0.13392857142857142,12.995535714285714,0.16029632765799726,977.0,0.021910661884577763,0.045234248788368334
AUS,PHL,235,0.17446808510638298,23.795744680851065,0.21074722829688172,1430.0,0.015969013318836642,0.01581852450188476
AUS,PHX,892,0.22869955156950672,21.207399103139014,0.2626857226920878,872.0,0.035621580607803204,0.060043080236941306
AUS,SAN,409,0.23227383863080683,11.168704156479217,0.25832976324243584,1164.0,0.028970109080606318,0.027530963920301563
AUS,SEA,361,0.1634349030470914,10.592797783933518,0.18698659272917048,1770.0,0.020987151909772687,0.024299946149703825
AUS,SFO,435,0.3425287356321839,25.919540229885058,0.31491913643334557,1504.0,0.02252368870708849,0.029281098546042002
AUS,SLC,390,0.1641025641025641,9.86923076923077,0.16996564055912236,1086.0,0.02444987775061125,0.026252019386106624
AUS,TPA,292,0.24315068493150685,19.616438356164384,0.28509434909409515,928.0,0.018924173687621518,0.019655358104469573
BNA,ATL,840,0.1130952380952381,9.386904761904763,0.12938185106918587,214.0,0.0242936055759609,0.051250762660158634
BNA,AUS,512,0.189453125,10.025390625,0.20559060434416424,756.0,0.034380875637926404,0.0312385600976205
BNA,BOS,482,0.17219917012448133,13.224066390041493,0.18350132024453544,942.0,0.020528983346820563,0.029408175716900548
BNA,BWI,418,0.14354066985645933,10.322966507177034,0.18114579682174758,587.0,0.03347749479416947,0.025503355704697986
BNA,CLT,903,0.2713178294573643,19.296788482834994,0.22344076503264554,328.0,0.04212932723709994,0.05509456985967053
BNA,DAL,518,0.1583011583011583,11.353281853281853,0.1829658878550876,623.0,0.058123877917414725,0.03160463697376449
BNA,DCA,974,0.15811088295687886,11.181724845995893,0.17624371646406178,562.0,0.05468837731611454,0.05942647956070775
BNA,DEN,920,0.17065217391304346,14.35,0.1870267699822332,1014.0,0.029454137986233392,0.05613178767541183
BNA,DFW,802,0.25561097256857856,34.10224438902743,0.2577406686635751,631.0,0.0291244507390057,0.04893227577791336
BNA,DTW,480,0.15833333333333333,11.664583333333333,0.18992032920839522,456.0,0.027747268628244406,0.02928615009151922
BNA,EWR,392,0.09183673469387756,21.255102040816325,0.1300644613836119,748.0,0.02122820318423048,0.023917022574740696
BNA,FLL,611,0.22913256955810146,13.991816693944353,0.19955925885324813,793.0,0.03371592539454806,0.03727882855399634
BNA,IAH,513,0.18323586744639375,12.580896686159845,0.18659740201840766,657.0,0.028157418080026347,0.031299572910311164
BNA,JFK,442,0.17873303167420815,17.305429864253394,0.15233772596247544,765.0,0.02554765620484365,0.026967663209273948
BNA,LAS,425,0.1976470588235294,11.99764705882353,0.20390029168319335,1587.0,0.017277827465647613,0.02593044539353264
BNA,LAX,465,0.17204301075268819,23.191397849462366,0.16355003435850649,1797.0,0.015970600357191923,0.028370957901159243
BNA,LGA,936,0.19230769230769232,15.30982905982906,0.17052575875649306,764.0,0.04593414143396967,0.05710799267846248
BNA,MCO,768,0.2526041666666667,16.966145833333332,0.24458869007726294,616.0,0.028004667444574097,0.04685784014643075
BNA,MDW,418,0.13875598086124402,10.038277511961722,0.1742522601220885,395.0,0.04076457967622391,0.025503355704697986
BNA,MIA,731,0.280437756497948,21.127222982216143,0.25890429249245195,806.0,0.03452184179456907,0.04460036607687615
BNA,MSP,344,0.09883720930232558,11.17732558139535,0.11740046007793915,695.0,0.022710767808807025,0.020988407565588774
BNA,ORD,1047,0.1623686723973257,14.213944603629418,0.16328324276132833,409.0,0.03413759373981089,0.0638804148871263
BNA,PHL,567,0.16225749559082892,13.306878306878307,0.18110793112107343,675.0,0.038529491709703725,0.03459426479560708
BNA,PHX,534,0.1797752808988764,12.677902621722847,0.20389928828284173,1449.0,0.0213250269557925,0.03258084197681513
BNA,SAN,179,0.18435754189944134,10.871508379888269,0.18796760097531584,1751.0,0.012678849695424281,0.010921293471629042
BNA,SEA,267,0.1198501872659176,7.273408239700374,0.14873782398559626,1978.0,0.015522353351549329,0.016290420988407564
BNA,SFO,120,0.375,32.108333333333334,0.22352144877889452,1969.0,0.006213431367472687,0.007321537522879805
BNA,SLC,242,0.10743801652892562,7.169421487603306,0.12935254744119193,1404.0,0.01517146260422544,0.01476510067114094
BNA,TPA,540,0.19444444444444445,12.472222222222221,0.20055447461242437,612.0,0.03499675955930007,0.03294691885295912
BOS,ATL,1031,0.1483996120271581,11.642095053346265,0.15337715802249105,946.0,0.029817508748590103,0.044016564914827305
BOS,AUS,310,0.18064516129032257,11.977419354838709,0.210457508605231,1698.0,0.020816545796400753,0.013234854630064467
BOS,BNA,483,0.13250517598343686,9.598343685300208,0.1613911534844043,942.0,0.029411764705882353,0.020620757375229476
BOS,BWI,806,0.1513647642679901,9.03349875930521,0.15805261852482205,369.0,0.06455229857440334,0.03441062203816761
BOS,CLT,1105,0.1583710407239819,12.567420814479638,0.16619785077094962,728.0,0.05155360641970701,0.04717585279426205
BOS,DCA,2267,0.15394794883105425,11.778120864578739,0.15360876307119922,399.0,0.12728804042672656,0.09678521111727789
BOS,DEN,695,0.14244604316546763,8.407194244604316,0.14735816420294648,1754.0,0.02225068032655675,0.029671690219015497
BOS,DFW,845,0.1952662721893491,17.614201183431952,0.21415527996098555,1562.0,0.030685986127755385,0.03607565213678863
BOS,DTW,603,0.15422885572139303,12.14759535655058,0.14909565935991625,632.0,0.03485750621423204,0.02574392690944798
BOS,EWR,903,0.10299003322259136,6.276854928017719,0.10797789345560337,200.0,0.04890068233510235,0.03855185074499424
BOS,FLL,855,0.3111111111111111,24.350877192982455,0.24356064159869034,1237.0,0.04718022293345105,0.036502582931306836
BOS,IAH,390,0.1641025641025641,10.061538461538461,0.16889814838438916,1597.0,0.021406224271365057,0.016650300986210134
BOS,JFK,1376,0.19040697674418605,12.625,0.19041321159974023,187.0,0.07953297497254494,0.0587456773257055
BOS,LAS,355,0.22253521126760564,15.250704225352113,0.2115282651226348,2381.0,0.014432067647776242,0.015156043205396406
BOS,LAX,906,0.1467991169977925,11.24944812362031,0.15955588433758505,2611.0,0.03111691166369007,0.0386799299833497
BOS,LGA,1885,0.1660477453580902,14.055702917771884,0.15394045762509756,184.0,0.09250625705452226,0.08047645476668232
BOS,MCO,1308,0.31345565749235477,25.34480122324159,0.25414013579244427,1121.0,0.047695449241540254,0.05584254792298168
BOS,MDW,245,0.15510204081632653,8.473469387755102,0.1716631433356278,861.0,0.02389311488199727,0.010459804465696112
BOS,MIA,1025,0.24,17.550243902439025,0.2183148375617302,1258.0,0.048406139315230225,0.04376040643811638
BOS,MSP,470,0.1127659574468085,12.270212765957448,0.13667379369596594,1124.0,0.031029246715521226,0.020065747342355805
BOS,ORD,1369,0.12052593133674215,12.45653761869978,0.13819354344532195,867.0,0.0446364525595044,0.05844682576954276
BOS,PHL,1047,0.15663801337153774,12.99235912129895,0.16221852168819856,280.0,0.07114705082902963,0.04469965418605644
BOS,PHX,546,0.1282051282051282,15.824175824175825,0.15556584248822938,2300.0,0.021804241044686715,0.02331042138069419
BOS,SAN,295,0.13898305084745763,11.291525423728814,0.162098662234478,2588.0,0.02089531095055957,0.012594458438287154
BOS,SEA,490,0.12857142857142856,9.871428571428572,0.15275878772748624,2496.0,0.02848671588861113,0.020919608931392223
BOS,SFO,867,0.25144175317185696,16.645905420991927,0.23216695772269888,2704.0,0.044892041629990165,0.03701489988472868
BOS,SLC,286,0.16083916083916083,8.590909090909092,0.14099806272460388,2105.0,0.017929910350448247,0.012210220723220765
BOS,TPA,660,0.2727272727272727,21.095454545454544,0.22799292079522704,1185.0,0.04277381723914452,0.02817743243820177
BWI,ATL,1301,0.196771714066103,12.377401998462721,0.20125896106799404,577.0,0.037626167683720395,0.10451478149100257
BWI,AUS,302,0.23509933774834438,13.248344370860927,0.24685515704835592,1342.0,0.020279344614558152,0.024260925449871466
BWI,BNA,409,0.21026894865525672,10.792176039119804,0.21173298687171094,587.0,0.024905614419680915,0.03285668380462725
BWI,BOS,822,0.20559610705596107,11.985401459854014,0.23081915248245297,369.0,0.03501000894416287,0.06603470437017994
BWI,CLT,654,0.19571865443425077,12.662079510703364,0.20415382178108568,361.0,0.030512270224876365,0.05253856041131105
BWI,DAL,387,0.24806201550387597,13.328165374677003,0.2576485781561617,1209.0,0.0434245960502693,0.031089331619537273
BWI,DEN,663,0.18099547511312217,10.699849170437405,0.19340908271553964,1491.0,0.021226188570513848,0.05326156812339332
BWI,DFW,374,0.23529411764705882,25.727272727272727,0.2656921156831846,1217.0,0.013581726404473981,0.03004498714652956
BWI,DTW,446,0.2062780269058296,13.159192825112108,0.22743047909136907,409.0,0.02578183710041043,0.03582904884318766
BWI,FLL,1004,0.2958167330677291,19.528884462151396,0.25531773724390233,925.0,0.055402273479748375,0.08065552699228792
BWI,IAH,195,0.11282051282051282,5.364102564102564,0.151053114253964,1235.0,0.010703112135682528,0.01566516709511568
BWI,JFK,172,0.18604651162790697,21.656976744186046,0.1826835732045411,184.0,0.009941621871568117,0.013817480719794344
BWI,LAS,405,0.24691358024691357,14.007407407407408,0.2568695591939327,2106.0,0.016464753231970077,0.0325353470437018
BWI,LAX,356,0.1853932584269663,8.814606741573034,0.18071670991796943,2329.0,0.012226954251957687,0.02859897172236504
BWI,MCO,1438,0.25938803894297635,18.421418636995828,0.22971840827597106,787.0,0.05243582263710619,0.11552056555269923
BWI,MDW,370,0.1972972972972973,11.156756756756756,0.2017151785934198,611.0,0.03608347961771016,0.029723650385604112
BWI,MIA,708,0.2627118644067797,19.406779661016948,0.2669714354259116,946.0,0.03343565525383707,0.05687660668380463
BWI,MSP,260,0.12692307692307692,12.319230769230769,0.1251160842568621,936.0,0.01716511520433089,0.020886889460154243
BWI,ORD,626,0.15814696485623003,13.630990415335463,0.1847743521103748,622.0,0.020410824910335832,0.0502892030848329
BWI,PHX,247,0.23076923076923078,11.643724696356275,0.2268730077128346,1999.0,0.009863823329739228,0.019842544987146528
BWI,SAN,178,0.21910112359550563,10.657303370786517,0.1698791721075333,2295.0,0.012608018132880011,0.01429948586118252
BWI,SEA,70,0.3142857142857143,20.071428571428573,0.2359301612843568,2335.0,0.004069530841230161,0.005623393316195373
BWI,SFO,76,0.10526315789473684,5.328947368421052,0.14147041652178693,2457.0,0.003935173199399369,0.006105398457583547
BWI,SLC,183,0.22404371584699453,17.546448087431695,0.16629827081050153,1865.0,0.011472634944517585,0.014701156812339331
BWI,TPA,802,0.23815461346633415,18.948877805486283,0.22030564999206914,842.0,0.05197666882696047,0.0644280205655527
CLT,ATL,1140,0.17105263157894737,13.271052631578947,0.1729781884765809,226.0,0.03296989328166122,0.05322625828742179
CLT,AUS,453,0.2693156732891832,15.931567328918323,0.29431207129749065,1032.0,0.030419016921837228,0.021150434214212345
CLT,BNA,907,0.21168687982359427,13.5226019845645,0.23162679565926314,328.0,0.055230787967360855,0.04234755812867681
CLT,BOS,1109,0.22993688007213706,15.78268710550045,0.24397132955130751,728.0,0.04723369819839005,0.05177887757960594
CLT,BWI,655,0.22290076335877862,13.345038167938931,0.24676277397422888,361.0,0.05245875380426077,0.03058175366514147
CLT,DAL,91,0.2857142857142857,16.065934065934066,0.19900855909082543,926.0,0.010210951526032316,0.004248762722943319
CLT,DCA,795,0.3119496855345912,20.79622641509434,0.2832054807834635,331.0,0.0446378439079169,0.03711831170043888
CLT,DEN,690,0.23333333333333334,13.392753623188407,0.2400092054088868,1337.0,0.022090603489675044,0.03221589317396582
CLT,DFW,978,0.25357873210633947,14.58077709611452,0.26309461025497993,936.0,0.035515851399934635,0.04566252684657764
CLT,DTW,811,0.17139334155363747,13.25154130702836,0.1802388524358131,500.0,0.04688132261980461,0.03786534690447287
CLT,EWR,838,0.20883054892601433,18.297136038186157,0.19936485070341461,529.0,0.045380699664247806,0.039125968811280235
CLT,FLL,1011,0.27695351137487634,19.550939663699307,0.28076363137411003,632.0,0.05578854431078247,0.04720328695489775
CLT,IAH,590,0.20847457627118643,14.950847457627118,0.23528265302288542,912.0,0.03238377517975739,0.027546923148753386
CLT,JFK,745,0.2684563758389262,22.54496644295302,0.2494559508058931,541.0,0.04306109473440842,0.03478382668783266
CLT,LAS,634,0.23659305993690852,16.154574132492115,0.2919420702151638,1916.0,0.025774453207577853,0.029601269959846858
CLT,LAX,696,0.21551724137931033,13.566091954022989,0.251055643762455,2125.0,0.02390438247011952,0.032496031375478567
CLT,LGA,1348,0.24777448071216618,17.631305637982194,0.2450053903262607,544.0,0.06615301565490504,0.06293771593986366
CLT,MCO,1464,0.2786885245901639,20.311475409836067,0.26840122945359435,468.0,0.05338389731621937,0.0683537211691101
CLT,MDW,173,0.2023121387283237,9.497109826589595,0.1782766333802392,584.0,0.016871464794226642,0.008077318143617517
CLT,MIA,849,0.254416961130742,18.316843345111895,0.26031410158096335,650.0,0.04009445100354191,0.0396395555140536
CLT,MSP,545,0.13944954128440368,9.051376146788991,0.16481920319411988,930.0,0.03598072225523206,0.025445886637407787
CLT,ORD,1037,0.210221793635487,15.832208293153327,0.21052761969387063,599.0,0.03381154222367134,0.04841721916145298
CLT,PHL,953,0.28751311647429173,20.88352570828961,0.2848049325309196,449.0,0.06475944550149497,0.044495284340274534
CLT,PHX,722,0.19806094182825484,12.306094182825484,0.26417246750265216,1773.0,0.028832714348468513,0.033709963582033806
CLT,SAN,352,0.25,14.278409090909092,0.2817741719888049,2077.0,0.024932710015582945,0.01643477448874778
CLT,SEA,258,0.19767441860465115,19.003875968992247,0.21063968641021383,2279.0,0.01499912795767688,0.01204594266504809
CLT,SFO,354,0.3813559322033898,29.3135593220339,0.3547048728325019,2296.0,0.018329622534044427,0.01652815388925203
CLT,SLC,231,0.19047619047619047,16.134199134199132,0.20752564789774763,1727.0,0.014481850667669738,0.010785320758240732
CLT,TPA,989,0.2770475227502528,15.616784630940344,0.26058304333894344,507.0,0.06409591704471808,0.046176113549351014
DAL,ATL,716,0.19972067039106145,12.46368715083799,0.20787097182292197,721.0,0.020707406657604767,0.08030506953790938
DAL,AUS,639,0.18309859154929578,9.629107981220658,0.18252979714302534,189.0,0.04290894439967768,0.07166890982503364
DAL,BNA,522,0.16666666666666666,8.668582375478927,0.19778716824355738,623.0,0.031786627694556084,0.058546433378196504
DAL,BWI,388,0.1958762886597938,10.311855670103093,0.21147010151368717,1209.0,0.03107480378023386,0.04351727231942575
DAL,CLT,91,0.25274725274725274,16.747252747252748,0.3575026294774494,926.0,0.004245591116917048,0.010206370569762225
DAL,DCA,416,0.23557692307692307,13.841346153846153,0.2347942254449258,1184.0,0.02335766423357664,0.04665769403319874
DAL,DEN,799,0.23028785982478098,11.750938673341677,0.2389147019505728,651.0,0.025580278533696175,0.08961417676087932
DAL,FLL,223,0.2825112107623318,14.076233183856502,0.21828120463993206,1108.0,0.012305485045800684,0.025011215791834903
DAL,IAH,265,0.2037735849056604,13.909433962264151,0.17755065246316198,216.0,0.014545254953619847,0.02972184836249439
DAL,LAS,701,0.24964336661911554,15.11126961483595,0.29245472923443927,1067.0,0.028498251890397595,0.07862270076267384
DAL,LAX,531,0.224105461393597,11.024482109227872,0.23124208882982886,1246.0,0.018237395246599807,0.05955585464333782
DAL,LGA,332,0.1897590361445783,11.909638554216867,0.20095457103888398,1381.0,0.016292879226578984,0.037236428891879766
DAL,MCO,693,0.25396825396825395,15.437229437229437,0.24605801989889756,973.0,0.025269836639439908,0.07772543741588156
DAL,MDW,452,0.17920353982300885,10.053097345132743,0.2076103776808789,793.0,0.04408035888433782,0.05069537909376402
DAL,MIA,120,0.23333333333333334,13.008333333333333,0.23463744733288072,1109.0,0.005667060212514758,0.013458950201884253
DAL,MSP,9,0.1111111111111111,1.6666666666666667,0.2058217211811584,853.0,0.0005941770647653001,0.001009421265141319
DAL,ORD,338,0.14201183431952663,7.775147928994083,0.15708712590330573,798.0,0.011020541245516791,0.037909376401973977
DAL,PHL,1,0.0,0.0,0.18983500853404134,1295.0,6.79532481652623e-05,0.00011215791834903544
DAL,PHX,735,0.20952380952380953,10.561904761904762,0.215133189629055,879.0,0.029351862944770577,0.08243606998654104
DAL,SAN,332,0.21686746987951808,10.789156626506024,0.20631343379722503,1182.0,0.023516078764697548,0.037236428891879766
DAL,SEA,73,0.136986301369863,8.534246575342467,0.20897795248486156,1670.0,0.004243939305854311,0.008187528039479587
DAL,SFO,6,0.16666666666666666,4.833333333333333,0.2685615587651629,1476.0,0.00031067156837363434,0.0006729475100942127
DAL,SLC,184,0.2608695652173913,13.929347826086957,0.236295894917561,999.0,0.011535326938749922,0.02063705697622252
DAL,TPA,350,0.26,18.26,0.2473215422896329,917.0,0.02268308489954634,0.039255271422162404
DCA,ATL,1682,0.14744351961950058,12.203923900118905,0.1527485363325763,547.0,0.0486450530699598,0.0943248093315388
DCA,AUS,90,0.2222222222222222,15.177777777777777,0.3110856007219067,1315.0,0.0060435132957292505,0.0050471063257065945
DCA,BNA,976,0.11270491803278689,8.808401639344263,0.117354062727739,562.0,0.05943246863962977,0.0547330641543293
DCA,BOS,2272,0.16461267605633803,12.67605633802817,0.1527733837194774,399.0,0.09676732399165211,0.12741139524450426
DCA,CLT,798,0.20300751879699247,20.860902255639097,0.1913718727980295,331.0,0.037230568256041804,0.04475100942126514
DCA,DAL,410,0.15609756097560976,9.826829268292682,0.1877863494732357,1184.0,0.04600538599640933,0.022992373261552266
DCA,DEN,361,0.14958448753462603,15.299168975069252,0.1804206567270032,1476.0,0.011557547622858972,0.020244504262000897
DCA,DFW,797,0.22082810539523212,24.075282308657467,0.21729043135198808,1192.0,0.02894287685659295,0.044694930462090623
DCA,DTW,658,0.1474164133738602,13.367781155015198,0.1379731209945682,405.0,0.03803688074455171,0.03689995513683266
DCA,EWR,42,0.11904761904761904,11.714285714285714,0.11579002838881815,199.0,0.002274450341167551,0.0023553162853297443
DCA,FLL,740,0.24594594594594596,21.38108108108108,0.19173817631609022,899.0,0.04083434499503366,0.041498429789143115
DCA,IAH,563,0.11367673179396093,14.117229129662523,0.12575272318839728,1208.0,0.03090180580712443,0.03157245401525348
DCA,JFK,534,0.1404494382022472,8.696629213483146,0.1027700005394742,213.0,0.03086526790358939,0.029946164199192462
DCA,LAS,90,0.05555555555555555,3.8333333333333335,0.12177349829352532,2089.0,0.0036588340515489063,0.0050471063257065945
DCA,LAX,357,0.19327731092436976,11.862745098039216,0.1833028044329688,2311.0,0.012261299629069928,0.020020188425302825
DCA,LGA,1072,0.1912313432835821,16.065298507462686,0.1426947492289208,214.0,0.05260833292437552,0.060116644235083
DCA,MCO,1337,0.23410620792819745,20.167539267015705,0.2069575416975209,759.0,0.04875291715285881,0.07497756841633019
DCA,MDW,497,0.12474849094567404,8.33400402414487,0.14263314496601248,601.0,0.04846889018919446,0.027871242709735306
DCA,MIA,970,0.24020618556701032,21.523711340206187,0.23427266761607876,919.0,0.045808736717827626,0.05439659039928219
DCA,MSP,509,0.1237721021611002,11.846758349705304,0.1295216734951805,931.0,0.033604013996170856,0.02854419021982952
DCA,ORD,1470,0.14761904761904762,15.3,0.15382376275615406,612.0,0.047929572872513856,0.08243606998654104
DCA,PHL,325,0.11384615384615385,11.070769230769232,0.11919850063970137,119.0,0.022084805653710248,0.01822566173171826
DCA,PHX,272,0.09926470588235294,6.459558823529412,0.14767296744618416,1979.0,0.010862186014935505,0.01525347689546882
DCA,SEA,180,0.16111111111111112,10.833333333333334,0.19055184643968234,2329.0,0.010464507877448986,0.010094212651413189
DCA,SFO,180,0.17777777777777778,15.78888888888889,0.19923876297681897,2442.0,0.009320147051209031,0.010094212651413189
DCA,SLC,91,0.14285714285714285,10.021978021978022,0.15648806382994296,1851.0,0.0057049714751426246,0.005103185284881112
DCA,TPA,559,0.24150268336314848,20.38103756708408,0.18643274246540567,814.0,0.03622812702527544,0.031348138178555404
DEN,ATL,1436,0.1977715877437326,11.814066852367688,0.23391688104806044,1199.0,0.04153049715128554,0.04594758903145298
DEN,AUS,1050,0.24476190476190476,13.147619047619047,0.2857359794461277,775.0,0.07050765511684126,0.03359677470962787
DEN,BNA,903,0.2369878183831672,14.992248062015504,0.2909501016176852,1014.0,0.054987212276214836,0.028893226250279975
DEN,BOS,704,0.34375,20.448863636363637,0.331486971995628,1754.0,0.02998424123684995,0.022525837519598118
DEN,BWI,642,0.2601246105919003,14.274143302180685,0.3131424801697705,1491.0,0.05141758769822201,0.02054202796531533
DEN,CLT,691,0.2040520984081042,11.901591895803184,0.2242350081626172,1337.0,0.032238499580106376,0.02210987745176463
DEN,DAL,792,0.24116161616161616,13.63510101010101,0.29481757711222306,651.0,0.08886894075403949,0.025341567209547885
DEN,DCA,361,0.19390581717451524,12.041551246537397,0.2546961413959468,1476.0,0.020269511510387424,0.011550891114453012
DEN,DFW,1372,0.24635568513119532,19.340379008746357,0.29256471378270565,641.0,0.04982387333405963,0.043899785620580424
DEN,DTW,687,0.25036390101892286,15.106259097525474,0.2645624412014662,1123.0,0.03971327822417481,0.021981889738585097
DEN,EWR,595,0.2218487394957983,20.443697478991595,0.20490178301754955,1605.0,0.03222137983320698,0.019038172335455798
DEN,FLL,450,0.3466666666666667,21.92,0.3421380687770499,1703.0,0.02483169628076371,0.01439861773269766
DEN,IAH,1219,0.24200164068908941,18.029532403609515,0.2719083047249203,862.0,0.0669081727866513,0.03900425559146322
DEN,JFK,304,0.22697368421052633,19.32894736842105,0.18170330381488184,1626.0,0.017571238656725045,0.009727066201644641
DEN,LAS,2112,0.2840909090909091,18.479640151515152,0.32089056743752054,628.0,0.08586063907634767,0.06757751255879435
DEN,LAX,1703,0.20786846741045215,13.614210217263652,0.236095071665155,862.0,0.058490177222145896,0.054490768886186924
DEN,LGA,1087,0.24103035878564857,15.346826126954921,0.26481693269535755,1620.0,0.05334445698581734,0.03478066105653857
DEN,MCO,1239,0.2598870056497175,19.188861985472155,0.2818200437012412,1546.0,0.0451794049008168,0.039644194157360896
DEN,MDW,699,0.27896995708154504,14.723891273247496,0.294897044984736,895.0,0.0681685196021065,0.0223658528781237
DEN,MIA,713,0.34081346423562414,26.520336605890602,0.3225611256517152,1709.0,0.03367178276269185,0.02281380987425207
DEN,MSP,1424,0.18679775280898878,12.14115168539326,0.23625269330527954,680.0,0.09401201558064304,0.04556362589191438
DEN,ORD,1407,0.224591329068941,18.64179104477612,0.2646508319212112,888.0,0.04587544832083469,0.04501967811090135
DEN,PHL,559,0.27906976744186046,17.26118067978533,0.30439784092044847,1558.0,0.037985865724381625,0.017886282916839982
DEN,PHX,2406,0.24064837905236908,13.8595178719867,0.2869629596478974,602.0,0.09608242482328981,0.07698460947749015
DEN,SAN,1209,0.23655913978494625,13.735318444995864,0.28609439900022454,853.0,0.0856353591160221,0.038684286308514386
DEN,SEA,1395,0.24086021505376345,13.812903225806451,0.2663465728360961,1024.0,0.08109993605022964,0.04463571497136275
DEN,SFO,1179,0.453774385072095,31.587786259541986,0.37912370189270356,967.0,0.06104696318541915,0.03772437845966787
DEN,SLC,2001,0.23238380809595202,14.571214392803599,0.26131493798783884,391.0,0.1254466804589054,0.06402585351806227
DEN,TPA,914,0.2713347921225383,18.2417943107221,0.2932097757739054,1506.0,0.05923525599481529,0.029245192461523694
DFW,ATL,1482,0.26653171390013497,23.842780026990553,0.2502847209359517,731.0,0.04286086126615959,0.05373069393082445
DFW,AUS,1221,0.29811629811629814,24.63963963963964,0.31619556175322966,190.0,0.08199033037872683,0.0442680008701327
DFW,BNA,800,0.31625,22.4475,0.3012805564179307,631.0,0.04871513822920472,0.029004423174534118
DFW,BOS,851,0.28319623971797886,22.06227967097532,0.2921953565895174,1562.0,0.036245155245112654,0.030853455151910666
DFW,BWI,375,0.344,22.658666666666665,0.335291494651833,1217.0,0.030033637674195098,0.013595823363062868
DFW,CLT,985,0.2649746192893401,20.48020304568528,0.27226880309422824,936.0,0.045955024727069145,0.03571169603364513
DFW,DCA,790,0.2708860759493671,18.81139240506329,0.2885688340744027,1192.0,0.04435710275126333,0.02864186788485244
DFW,DEN,1378,0.25181422351233673,19.57256894049347,0.2661579136827715,641.0,0.044117176244597406,0.04996011891813502
DFW,DTW,759,0.2160737812911726,17.74308300395257,0.227323359766815,986.0,0.04387536851841147,0.027517946486839244
DFW,EWR,820,0.21097560975609755,15.27560975609756,0.2023921156797992,1372.0,0.04440593523231886,0.029729533753897468
DFW,FLL,776,0.30927835051546393,20.8840206185567,0.2958696744457848,1119.0,0.042820880697494755,0.028134290479298094
DFW,IAH,1135,0.2422907488986784,19.619383259911896,0.26162577284443295,224.0,0.06229760140512652,0.041150025378870275
DFW,JFK,449,0.22271714922049,19.256124721603562,0.24835130861236557,1391.0,0.025952257094965608,0.016278732506707274
DFW,LAS,1519,0.315339038841343,25.14351547070441,0.33298667865673226,1055.0,0.061752988047808766,0.055072148502646655
DFW,LAX,1600,0.2675,17.2525,0.29274014558784883,1235.0,0.05495260337958511,0.058008846349068235
DFW,LGA,1390,0.22661870503597123,17.866187050359713,0.2277576209669166,1389.0,0.06821416302694214,0.050395185265753026
DFW,MCO,1306,0.32924961715160794,26.65084226646248,0.3022554475322307,985.0,0.047622520420070015,0.047349720832426945
DFW,MDW,118,0.1694915254237288,14.872881355932204,0.18477037525793374,797.0,0.01150770431051297,0.004278152418243782
DFW,MIA,1259,0.3200953137410643,24.465448768864178,0.3071125666637361,1121.0,0.059456906729634,0.04564571097092306
DFW,MSP,687,0.22270742358078602,17.358078602620086,0.2049585195330646,852.0,0.045355515943751236,0.02490754840113117
DFW,ORD,1371,0.19474835886214442,14.831509846827133,0.20716497255307023,802.0,0.04470166286273231,0.04970633021535784
DFW,PHL,747,0.2838018741633199,17.203480589022757,0.26302061289742856,1303.0,0.05076107637945094,0.027082880139221232
DFW,PHX,1298,0.2765793528505393,20.478428351309706,0.3032643182795896,868.0,0.05183499061539076,0.0470596766006816
DFW,SAN,899,0.2903225806451613,18.27919911012236,0.30950979263408274,1171.0,0.06367757472729849,0.032593720542382715
DFW,SEA,926,0.234341252699784,14.748380129589632,0.26525857142073594,1660.0,0.05383407941398756,0.03357261982452324
DFW,SFO,902,0.3902439024390244,24.89911308203991,0.38136840344590367,1464.0,0.04670429244550303,0.032702487129287215
DFW,SLC,974,0.23819301848049282,19.20328542094456,0.24138494196682658,989.0,0.06106200238229578,0.03531288521499529
DFW,TPA,765,0.3241830065359477,25.359477124183005,0.3245579285872734,929.0,0.04957874270900842,0.02773547966064825
DTW,ATL,1171,0.1699402220324509,13.75064047822374,0.1833992236129638,594.0,0.033866443011250254,0.0677426819391415
DTW,AUS,258,0.17054263565891473,10.108527131782946,0.16640002529991166,1149.0,0.01732473811442385,0.014925373134328358
DTW,BNA,481,0.12266112266112267,8.785862785862786,0.16525016246979743,456.0,0.02928997686030934,0.0278259863473331
DTW,BOS,604,0.22682119205298013,15.663907284768213,0.2252094318113901,632.0,0.025725116061161037,0.034941571213698945
DTW,BWI,444,0.17117117117117117,10.972972972972974,0.21513551914975554,409.0,0.035559827006247,0.02568552585907671
DTW,CLT,810,0.13950617283950617,13.25679012345679,0.16718634477911176,500.0,0.03779042642530559,0.046858729607775075
DTW,DCA,656,0.18597560975609756,14.925304878048781,0.18718409154877302,405.0,0.036833239752947784,0.037949785953951175
DTW,DEN,689,0.1567489114658926,9.269956458635704,0.1754799931471256,1123.0,0.022058588122298703,0.03985884530834201
DTW,DFW,763,0.22804718217562253,15.73132372214941,0.2342178231295411,986.0,0.027708174456186223,0.044139766284854796
DTW,EWR,745,0.13020134228187918,11.86040268456376,0.1422009273959314,488.0,0.04034441676594823,0.043098461182459795
DTW,FLL,704,0.2684659090909091,16.629261363636363,0.23076551114234164,1127.0,0.03884780929257256,0.04072659956033785
DTW,IAH,477,0.1719077568134172,11.31236897274633,0.19433879823265998,1075.0,0.026181458916515726,0.027594585213467547
DTW,JFK,451,0.17738359201773837,14.572062084257206,0.19953884502180766,509.0,0.02606785734928617,0.026090477843341432
DTW,LAS,637,0.21350078492935637,17.836734693877553,0.2309945006068404,1749.0,0.025896414342629483,0.036850630568089786
DTW,LAX,546,0.16483516483516483,11.41025641025641,0.16283499493537207,1979.0,0.018752575903283417,0.031586254772648384
DTW,LGA,960,0.15416666666666667,11.875,0.16175877174831446,502.0,0.04711193993227659,0.055536272127733426
DTW,MCO,1117,0.25693822739480754,22.139659803043866,0.2278744896621012,957.0,0.04073074679113185,0.0646187666319565
DTW,MDW,493,0.19878296146044624,14.15212981744422,0.2205718205194131,228.0,0.04807879851765165,0.02852018974892977
DTW,MIA,530,0.2622641509433962,18.422641509433962,0.24172397925420663,1145.0,0.025029515938606847,0.03066065023718616
DTW,MSP,522,0.11494252873563218,8.745210727969349,0.1419330603440348,528.0,0.0344622697563874,0.03019784796945505
DTW,ORD,1149,0.185378590078329,18.36118363794604,0.18827059490626952,235.0,0.0374633192044343,0.06646997570288095
DTW,PHL,654,0.16972477064220184,17.47553516819572,0.20513358819862326,453.0,0.04444142430008154,0.03783408538701839
DTW,PHX,513,0.2124756335282651,22.951267056530213,0.2269006930134086,1671.0,0.020486402300227628,0.02967719541825755
DTW,SAN,203,0.1724137931034483,12.733990147783251,0.14987114667565904,1956.0,0.014378807196486754,0.011743607543676964
DTW,SEA,385,0.14285714285714285,9.711688311688311,0.15381663442462867,1927.0,0.022382419626765886,0.022272359134559758
DTW,SFO,282,0.24113475177304963,16.0177304964539,0.20038800332967113,2079.0,0.014601563713560814,0.016313779937521693
DTW,SLC,351,0.1225071225071225,8.242165242165242,0.15339137967963523,1481.0,0.022004889975550123,0.020305449496702533
DTW,TPA,691,0.276410998552822,23.924746743849493,0.2323917445264241,983.0,0.04478289047310434,0.03997454587527479
EWR,ATL,1350,0.16592592592592592,13.364444444444445,0.15449647038807807,746.0,0.039043294675651444,0.07316676602894152
EWR,AUS,407,0.18181818181818182,11.38083538083538,0.18659909761308038,1504.0,0.027330110126242278,0.022058425017614222
EWR,BNA,398,0.13316582914572864,8.92713567839196,0.15673441971024063,748.0,0.024235781269029352,0.021570646577421276
EWR,BOS,907,0.16207276736493936,11.362734288864388,0.14050543427375856,200.0,0.03863026534349845,0.049157227250555525
EWR,CLT,848,0.16745283018867924,14.62382075471698,0.17625280086672185,529.0,0.039563310627974246,0.04595956858706845
EWR,DCA,42,0.19047619047619047,10.238095238095237,0.1601417391827637,199.0,0.0023582257158899496,0.0022762993875670694
EWR,DEN,601,0.129783693843594,7.797004991680533,0.1433368857998515,1605.0,0.01924123579318073,0.032572760283995444
EWR,DFW,817,0.17258261933904528,17.11750305997552,0.18603164188178878,1372.0,0.02966917238624396,0.04427944284862609
EWR,DTW,742,0.1334231805929919,13.022911051212938,0.15182475021448097,488.0,0.04289265275449448,0.04021462251368489
EWR,FLL,1462,0.246922024623803,19.722298221614228,0.19540614491382804,1065.0,0.08067542213883677,0.07923689772912038
EWR,IAH,784,0.19770408163265307,12.114795918367347,0.16520773314633036,1400.0,0.04303199956089796,0.04249092190125196
EWR,LAS,690,0.1753623188405797,12.410144927536232,0.17370776946902097,2227.0,0.02805106106187495,0.037396347081459
EWR,LAX,1266,0.1966824644549763,14.424960505529226,0.17425037889845135,2454.0,0.04348124742409672,0.06861416725380738
EWR,MCO,1760,0.23522727272727273,18.50965909090909,0.19745882000021026,937.0,0.06417736289381563,0.09538778385995339
EWR,MIA,1190,0.2529411764705882,17.899159663865547,0.23381029909995307,1085.0,0.05619834710743802,0.0644951493144003
EWR,MSP,501,0.1157684630738523,12.303393213572853,0.12111631404353244,1008.0,0.03307585660526837,0.027152999837407186
EWR,ORD,1251,0.1806554756195044,13.858513189448441,0.18338673870569427,719.0,0.04078904466905771,0.06780120318681915
EWR,PHL,94,0.0425531914893617,2.75531914893617,0.1137220102792681,80.0,0.006387605327534656,0.0050945748197929654
EWR,PHX,721,0.15950069348127602,11.54368932038835,0.15864342231199105,2133.0,0.02879277984106066,0.03907647281990136
EWR,SAN,322,0.15838509316770186,10.335403726708075,0.1491849778439485,2425.0,0.022807763139254852,0.0174516286380142
EWR,SEA,358,0.13128491620111732,7.614525139664805,0.14166085955696225,2402.0,0.020812743445148538,0.019402742398785974
EWR,SFO,856,0.2523364485981308,18.48247663551402,0.22316861746626335,2565.0,0.04432247708797183,0.046393149422795515
EWR,SLC,387,0.16795865633074936,15.361757105943152,0.1473335710464553,1969.0,0.02426180176791424,0.02097447292829657
EWR,TPA,697,0.18938307030129126,12.99139167862267,0.16678275747288088,997.0,0.04517174335709657,0.03777573031272018
FLL,ATL,2127,0.3013634226610249,21.389750822755055,0.2585975473554335,581.0,0.061514879833415276,0.11735172413793103
FLL,AUS,377,0.4376657824933687,26.29177718832891,0.366768570766266,1105.0,0.025315605694332527,0.0208
FLL,BNA,610,0.28032786885245903,18.885245901639344,0.2658475154256574,793.0,0.0371452928997686,0.0336551724137931
FLL,BOS,857,0.31971995332555425,26.50291715285881,0.30406741973374524,1237.0,0.03650070275565399,0.047282758620689654
FLL,BWI,1004,0.3047808764940239,20.102589641434264,0.29522950795663855,925.0,0.08041005926637834,0.05539310344827586
FLL,CLT,1013,0.25666337611056267,19.72852912142152,0.27093462635106186,632.0,0.047261360455351314,0.055889655172413795
FLL,DAL,225,0.4088888888888889,26.377777777777776,0.3270474220974864,1108.0,0.02524685816876122,0.012413793103448275
FLL,DCA,745,0.28187919463087246,23.746308724832215,0.28172541769300635,899.0,0.04183043234138124,0.04110344827586207
FLL,DEN,438,0.2602739726027397,22.13013698630137,0.19375658978376878,1703.0,0.014022730910837201,0.02416551724137931
FLL,DFW,775,0.35870967741935483,26.0,0.3206251577991058,1119.0,0.02814395177397683,0.04275862068965517
FLL,DTW,709,0.22566995768688294,15.170662905500706,0.19677125060470213,1127.0,0.040985028036302676,0.039117241379310344
FLL,EWR,1473,0.24100475220638154,19.43041412084182,0.21458325344303303,1065.0,0.07976822267951912,0.08126896551724137
FLL,IAH,700,0.30428571428571427,23.3,0.2659741397837387,966.0,0.038421428179373183,0.038620689655172416
FLL,JFK,963,0.2772585669781931,24.144340602284526,0.24749122417257458,1069.0,0.0556615224553494,0.05313103448275862
FLL,LAS,188,0.4627659574468085,29.30851063829787,0.4162129294628595,2173.0,0.007642897796568827,0.010372413793103448
FLL,LAX,578,0.3460207612456747,22.19031141868512,0.3048747507041273,2343.0,0.01985162797087512,0.031889655172413794
FLL,LGA,1316,0.28951367781155013,21.576747720364743,0.2692081592939283,1076.0,0.06458261765716249,0.07260689655172414
FLL,MCO,354,0.384180790960452,24.850282485875706,0.31667235520056075,177.0,0.012908401400233372,0.01953103448275862
FLL,MDW,330,0.3333333333333333,22.915151515151514,0.2806504249876243,1167.0,0.03218256290228204,0.01820689655172414
FLL,MSP,262,0.17938931297709923,21.828244274809162,0.15539589788173366,1487.0,0.017297154552056514,0.014455172413793103
FLL,ORD,870,0.32298850574712645,32.202298850574714,0.29162876319655473,1182.0,0.028366481904140855,0.048
FLL,PHL,723,0.2959889349930844,25.93637621023513,0.3013672180114096,992.0,0.04913019842348464,0.039889655172413795
FLL,PHX,90,0.6111111111111112,31.42222222222222,0.4524696634324498,1972.0,0.003594105666706601,0.004965517241379311
FLL,SAN,168,0.3630952380952381,21.13095238095238,0.3349946264177245,2269.0,0.011899702507437314,0.009268965517241379
FLL,SEA,243,0.27983539094650206,25.045267489711936,0.17839563066950312,2717.0,0.014127085634556131,0.013406896551724138
FLL,SFO,473,0.4418604651162791,35.64904862579281,0.3363556154627067,2584.0,0.024491275306788175,0.026096551724137933
FLL,SLC,181,0.24861878453038674,15.591160220994475,0.2184178580630633,2084.0,0.011347250956052912,0.009986206896551724
FLL,TPA,333,0.2702702702702703,14.318318318318319,0.28349384061961014,197.0,0.021581335061568372,0.018372413793103448
IAH,ATL,1022,0.18395303326810175,13.76027397260274,0.19106201001069084,689.0,0.029557220117419094,0.05605836213043717
IAH,AUS,501,0.2055888223552894,14.019960079840319,0.21085757618080284,140.0,0.03364222401289283,0.02748066480171137
IAH,BNA,519,0.1676300578034682,12.369942196531792,0.20063868311698166,657.0,0.031603945926196565,0.028467994076024353
IAH,BOS,390,0.18717948717948718,13.138461538461538,0.19979273048866641,1597.0,0.016610588185186764,0.021392134276781306
IAH,BWI,181,0.11602209944751381,8.94475138121547,0.16481570145205654,1235.0,0.014496235784078168,0.009928144369480555
IAH,CLT,591,0.20812182741116753,19.402707275803724,0.2060100360581456,912.0,0.027573014836241486,0.032417311173276286
IAH,DAL,255,0.1411764705882353,9.494117647058824,0.1720107318795693,216.0,0.02861310592459605,0.01398716471943393
IAH,DCA,564,0.18262411347517732,15.567375886524824,0.18123484455643904,1208.0,0.03166760247052218,0.030936317261806814
IAH,DEN,1202,0.19550748752079866,15.16638935108153,0.20003009632726212,862.0,0.03848247158636146,0.065931654873567
IAH,DFW,1132,0.26325088339222613,23.65017667844523,0.25962953590373034,224.0,0.04110832697824745,0.06209204102901651
IAH,DTW,480,0.175,10.591666666666667,0.17550487346680238,1075.0,0.027747268628244406,0.026328780648346223
IAH,EWR,789,0.12927756653992395,8.949302915082383,0.14555215737623375,1400.0,0.042727174266219,0.043277933190719105
IAH,FLL,696,0.25287356321839083,23.544540229885058,0.24198361564832055,966.0,0.038406356914247874,0.03817673194010202
IAH,JFK,86,0.4418604651162791,43.75581395348837,0.32982814431160884,1417.0,0.004970810935784059,0.004717239866162032
IAH,LAS,995,0.21809045226130652,17.92462311557789,0.24112146230879325,1222.0,0.040450443125457355,0.05457736821896769
IAH,LAX,1153,0.212489158716392,14.54206418039896,0.18548235555455603,1379.0,0.03960021981041352,0.06324392518238166
IAH,LGA,774,0.20155038759689922,17.0,0.20423706146261683,1416.0,0.037984001570397996,0.04245515879545828
IAH,MCO,986,0.2281947261663286,22.57606490872211,0.22255359055013396,854.0,0.03595390898483081,0.0540837035818112
IAH,MDW,180,0.12777777777777777,12.833333333333334,0.17601419018044345,917.0,0.017554125219426564,0.009873292743129834
IAH,MIA,773,0.3053040103492885,21.707632600258734,0.2581463143969641,964.0,0.03650531286894923,0.042400307169107566
IAH,MSP,431,0.15081206496519722,13.220417633410673,0.1509900171696374,1034.0,0.02845447943487159,0.02364105095716088
IAH,ORD,1014,0.21203155818540434,18.429980276134124,0.2121976711141823,925.0,0.033061623736550375,0.0556195491196314
IAH,PHL,435,0.14022988505747128,13.708045977011494,0.16310043297951915,1325.0,0.0295596629518891,0.023860457462563767
IAH,PHX,635,0.2031496062992126,14.913385826771654,0.2140903917970411,1009.0,0.025358412203985464,0.034830782732708024
IAH,SAN,357,0.15966386554621848,9.711484593837534,0.1618369572913523,1303.0,0.02528686782830429,0.019582030607207503
IAH,SEA,382,0.18848167539267016,12.041884816753926,0.19829135201654366,1874.0,0.022208011162141737,0.020953321265975537
IAH,SFO,698,0.31805157593123207,27.359598853868196,0.2964622154455304,1635.0,0.03614145912079946,0.03828643519280347
IAH,SLC,565,0.18584070796460178,14.398230088495575,0.19293933907017485,1195.0,0.03542097674127014,0.030991168888157533
IAH,TPA,445,0.18876404494382024,14.804494382022472,0.15572014210960083,787.0,0.028839922229423203,0.024408973726070978
JFK,ATL,726,0.1928374655647383,18.55922865013774,0.19727019704551244,760.0,0.020996616247794777,0.04195561719833565
JFK,AUS,587,0.2231686541737649,16.315161839863713,0.23950428941399954,1521.0,0.03941713671770078,0.03392279241793805
JFK,BNA,440,0.1340909090909091,9.595454545454546,0.12281792372171456,765.0,0.0267933260260626,0.025427646786870088
JFK,BOS,1377,0.2222222222222222,17.0159767610748,0.20175201506226356,187.0,0.05864815366923634,0.07957697642163662
JFK,BWI,175,0.16,12.137142857142857,0.15540930342817194,184.0,0.014015697581291045,0.010113268608414239
JFK,CLT,744,0.1424731182795699,12.208333333333334,0.14783063927018303,541.0,0.03471120649435477,0.04299583911234397
JFK,DCA,535,0.08224299065420561,7.121495327102804,0.09806696958349881,213.0,0.0300393037619315,0.030917706888580674
JFK,DEN,304,0.20065789473684212,12.763157894736842,0.17725317185341713,1626.0,0.009732671682407556,0.01756819232547388
JFK,DFW,446,0.18385650224215247,16.251121076233183,0.21367288186552477,1391.0,0.016196390311217633,0.025774387424872862
JFK,DTW,451,0.1574279379157428,15.170731707317072,0.1528189051395477,509.0,0.02607087114862131,0.02606333795654184
JFK,FLL,951,0.3291272344900105,27.04311251314406,0.23504142573173292,1069.0,0.05247765147334731,0.05495839112343967
JFK,IAH,87,0.41379310344827586,25.655172413793103,0.29968580654810595,1417.0,0.004775234645150667,0.005027739251040222
JFK,LAS,665,0.14586466165413534,8.957894736842105,0.15145606666876305,2248.0,0.02703471826977803,0.03843042071197411
JFK,LAX,2250,0.14222222222222222,10.004,0.14395055446569113,2475.0,0.07727709850254155,0.13002773925104022
JFK,MCO,1050,0.28,21.077142857142857,0.23534149795401382,944.0,0.03828763127187865,0.06067961165048544
JFK,MIA,1446,0.26348547717842324,18.564315352697097,0.23192165521865188,1089.0,0.06828807556080284,0.08356449375866852
JFK,MSP,269,0.15613382899628253,14.211895910780669,0.1508453769820941,1029.0,0.01775929226909619,0.01554553860379103
JFK,ORD,612,0.184640522875817,17.405228758169933,0.19809494086335577,740.0,0.019954352787740465,0.03536754507628294
JFK,PHX,674,0.1394658753709199,12.86053412462908,0.1497545591541872,2153.0,0.02691585799289166,0.03895053166897827
JFK,SAN,489,0.15132924335378323,9.576687116564417,0.14532522201300224,2446.0,0.034636634084147896,0.028259361997226076
JFK,SEA,564,0.12588652482269502,10.02482269503546,0.1238292293937871,2422.0,0.03278879134934015,0.03259361997226075
JFK,SFO,1373,0.22723962126729788,14.600873998543335,0.22147382923078737,2586.0,0.07109201056283332,0.07934581599630143
JFK,SLC,546,0.16117216117216118,9.30952380952381,0.1492439401187275,1990.0,0.034229828850855744,0.03155339805825243
JFK,TPA,543,0.24677716390423574,19.23204419889503,0.1984865307638483,1005.0,0.03519118600129618,0.03138002773925104
LAS,ATL,1147,0.1935483870967742,12.603312990409764,0.18655535690075012,1747.0,0.03317233999479423,0.04647864494691628
LAS,AUS,817,0.2350061199510404,16.76499388004896,0.23664959782141318,1090.0,0.05486167069567553,0.033106410568117355
LAS,BNA,416,0.25,17.47596153846154,0.2305823777755043,1587.0,0.02533187187918646,0.01685711970175865
LAS,BOS,355,0.18309859154929578,14.312676056338027,0.23477818205498233,2381.0,0.015119894373695642,0.014385282437798848
LAS,BWI,421,0.21377672209026127,12.05938242280285,0.1971854668111086,2106.0,0.03371776389556303,0.017059729313558637
LAS,CLT,638,0.16614420062695925,11.858934169278998,0.16994143406058873,1916.0,0.029765792665857983,0.02585298646567793
LAS,DAL,698,0.2507163323782235,15.127507163323783,0.2594920792545321,1067.0,0.0783213644524237,0.02828430180727774
LAS,DCA,90,0.3111111111111111,15.666666666666666,0.31895949186930017,2089.0,0.0050533408197641775,0.0036469730123997084
LAS,DEN,2096,0.23043893129770993,15.687977099236642,0.22780564299642084,628.0,0.06710421002080999,0.0849339492665532
LAS,DFW,1518,0.22397891963109354,22.33596837944664,0.2446124716629255,1055.0,0.05512583070051204,0.06151227814247508
LAS,DTW,634,0.18769716088328076,16.561514195583594,0.18044436882863538,1749.0,0.036649517313139486,0.025690898776237946
LAS,EWR,698,0.167621776504298,13.411174785100286,0.1945028833100226,2227.0,0.03779919852702263,0.02828430180727774
LAS,FLL,187,0.32085561497326204,29.871657754010695,0.2956062225345831,2173.0,0.010318949343339587,0.007577599481319394
LAS,IAH,1000,0.184,13.869,0.18418931570433114,1222.0,0.05488775454196169,0.040521922359996757
LAS,JFK,665,0.18345864661654135,11.654135338345865,0.20673973307200383,2248.0,0.03843708456158604,0.026947078369397845
LAS,LAX,2241,0.26639892904953144,17.238286479250334,0.2675798589491636,236.0,0.07696799010853139,0.09080962800875274
LAS,LGA,7,0.14285714285714285,9.857142857142858,0.22748735532376135,2242.0,0.00034352456200618345,0.0002836534565199773
LAS,MCO,297,0.32323232323232326,19.87878787878788,0.283959453062455,2039.0,0.01082992998833139,0.012035010940919038
LAS,MDW,706,0.24220963172804533,13.987252124645892,0.24157914875969685,1521.0,0.06885118002730642,0.02860847718615771
LAS,MIA,359,0.233983286908078,18.618384401114206,0.23168104605748724,2174.0,0.016953955135773316,0.014547370127238836
LAS,MSP,697,0.1606886657101865,10.715925394548064,0.1598712695133589,1299.0,0.04601571268237935,0.02824377988491774
LAS,ORD,1179,0.19168787107718405,15.583545377438508,0.18034452766097178,1514.0,0.03844147375285295,0.047775346462436176
LAS,PHL,301,0.11627906976744186,6.382059800664452,0.15463880606869837,2176.0,0.020453927697743953,0.012197098630359024
LAS,PHX,1710,0.22923976608187135,16.04327485380117,0.2736351704069555,255.0,0.06828800766742542,0.06929248723559446
LAS,SAN,1615,0.23034055727554179,13.907120743034056,0.2673187136861277,258.0,0.1143929735089956,0.06544290461139476
LAS,SEA,1551,0.2005157962604771,14.163120567375886,0.2100779959310563,867.0,0.09016917621068543,0.06284950158035497
LAS,SFO,1239,0.4213075060532688,29.740112994350284,0.36808120720239046,414.0,0.06415367886915549,0.05020666180403598
LAS,SLC,1180,0.19406779661016949,12.959322033898305,0.20724154186016178,368.0,0.07397655319415711,0.04781586838479617
LAS,TPA,216,0.3472222222222222,22.48611111111111,0.2802598845750644,1984.0,0.013998703823720026,0.0087527352297593
LAX,ATL,1158,0.21243523316062177,16.310017271157168,0.20404237013859525,1947.0,0.03349047054400324,0.03980475732160044
LAX,AUS,936,0.19658119658119658,15.182692307692308,0.1984450058901969,1242.0,0.06285253827558421,0.0321737934827444
LAX,BNA,451,0.19068736141906872,14.656319290465632,0.16854285252914872,1797.0,0.027463159176714165,0.015502543654612951
LAX,BOS,909,0.1573157315731573,11.082508250825082,0.16021492348016625,2611.0,0.038715447847012224,0.03124570328612677
LAX,BWI,359,0.22841225626740946,10.559888579387186,0.2100455403451307,2329.0,0.028752202466762775,0.012340162243915853
LAX,CLT,696,0.12931034482758622,12.619252873563218,0.14228907680281377,2125.0,0.03247177381729962,0.02392410284614327
LAX,DAL,527,0.2125237191650854,11.411764705882353,0.1893061648456394,1246.0,0.05913375224416517,0.018114945689536643
LAX,DCA,359,0.18384401114206128,11.01949860724234,0.17551016652745413,2311.0,0.020157215047725996,0.012340162243915853
LAX,DEN,1676,0.15572792362768498,10.624701670644392,0.15878134699479246,862.0,0.05365775572274692,0.05761033961226454
LAX,DFW,1600,0.211875,21.709375,0.19628274853940686,1235.0,0.0581036423720812,0.05499793757734085
LAX,DTW,546,0.1446886446886447,9.164835164835164,0.15875430070997576,1979.0,0.031562518064628016,0.018768046198267566
LAX,EWR,1269,0.17494089834515367,13.260047281323876,0.16869717644715476,2454.0,0.06872089245099101,0.04362023924102846
LAX,FLL,582,0.19759450171821305,12.00171821305842,0.18049417562755135,2343.0,0.03211566052312107,0.020005499793757733
LAX,IAH,1145,0.13100436681222707,9.695196506550218,0.14021827835634545,1379.0,0.06284647895054614,0.03935789907878454
LAX,JFK,2250,0.1791111111111111,15.312444444444445,0.17670289353014962,2475.0,0.13005028611062944,0.07734084971813557
LAX,LAS,2244,0.2825311942959002,18.75579322638146,0.28221874786148893,236.0,0.0912269290186194,0.07713460745222055
LAX,LGA,1,0.0,0.0,0.18875502008032127,2469.0,4.907493742945478e-05,3.437371098583803e-05
LAX,MCO,755,0.18543046357615894,14.590728476821193,0.14881743751521018,2218.0,0.027530630105017502,0.025952151794307713
LAX,MDW,280,0.18928571428571428,8.842857142857143,0.20553795710378844,1750.0,0.02730641700799688,0.009624639076034648
LAX,MIA,1011,0.26112759643916916,19.384767556874383,0.23419077027580865,2342.0,0.04774498229043683,0.03475182180668225
LAX,MSP,461,0.11713665943600868,9.919739696312364,0.11211395276255846,1535.0,0.030435069650755927,0.01584628076447133
LAX,ORD,1466,0.17326057298772168,15.590040927694407,0.14896491773511425,1744.0,0.047799152266058034,0.05039186030523855
LAX,PHL,574,0.1794425087108014,13.630662020905923,0.153764845422184,2402.0,0.03900516444686056,0.01973051010587103
LAX,PHX,1518,0.24176548089591568,14.942028985507246,0.24358258857374712,370.0,0.06062058224511801,0.05217929327650213
LAX,SAN,524,0.1183206106870229,8.435114503816793,0.16200704908955002,109.0,0.037115738773197335,0.01801182455657913
LAX,SEA,1559,0.1597177677998717,9.028864656831303,0.16435905648276553,954.0,0.09063426544968316,0.05358861542692149
LAX,SFO,2545,0.43850687622789786,27.469548133595286,0.40605163281960177,337.0,0.1317765235851499,0.08748109445895778
LAX,SLC,1382,0.11866859623733719,7.918958031837916,0.14344102857308888,590.0,0.08664033602908909,0.04750446858242816
LAX,TPA,309,0.1488673139158576,9.77346278317152,0.1460779029023712,2158.0,0.02002592352559948,0.010621476694623952
LGA,ATL,1904,0.13760504201680673,11.211134453781513,0.14845093862132,762.0,0.05506550597217804,0.09350751399666045
LGA,BNA,920,0.12608695652173912,9.914130434782608,0.15302429194672712,764.0,0.056022408963585436,0.045182202141243494
LGA,BOS,1881,0.1717171717171717,13.798511430090377,0.15262165598001248,184.0,0.08011414455470846,0.09237795894312936
LGA,CLT,1351,0.153960029607698,13.453737971872687,0.15617455444786055,544.0,0.06303069888961463,0.0663490816226304
LGA,DAL,328,0.17378048780487804,10.341463414634147,0.1996460892505474,1381.0,0.03680430879712747,0.016108437285138985
LGA,DCA,1071,0.10644257703081232,8.916900093370682,0.11235556010565435,214.0,0.06013475575519371,0.0525979766231215
LGA,DEN,1088,0.14613970588235295,12.457720588235293,0.15582006682735533,1620.0,0.03483271970545862,0.053432865140948825
LGA,DFW,1392,0.21408045977011494,22.50933908045977,0.23020313163506664,1389.0,0.050550168863710644,0.06836263628327276
LGA,DTW,961,0.13215400624349635,10.355879292403745,0.1396039626850444,502.0,0.05555234406613099,0.04719575680188587
LGA,FLL,1319,0.29946929492039426,23.503411675511753,0.2436945424974585,1076.0,0.07278446087628297,0.06477752676554366
LGA,IAH,775,0.1896774193548387,16.76258064516129,0.17705254547612925,1416.0,0.042538009770020306,0.03806109419506925
LGA,LAS,7,0.0,0.0,0.13226447799069743,2242.0,0.0002845759817871372,0.00034377762498772225
LGA,LAX,1,0.0,0.0,0.07894736842105264,2469.0,3.434537711224069e-05,4.9111089283960316e-05
LGA,MCO,1405,0.26334519572953735,21.58291814946619,0.2139716115052465,950.0,0.05123249708284714,0.06900108044396425
LGA,MDW,580,0.1396551724137931,8.029310344827586,0.15211765323088244,725.0,0.05656329237370782,0.028484431784696986
LGA,MIA,1503,0.26746506986027946,20.457751164337992,0.2501355403617463,1096.0,0.07097992916174735,0.07381396719379235
LGA,MSP,581,0.08261617900172118,10.540447504302927,0.10390251187085338,1020.0,0.03835743051429326,0.028533542873980945
LGA,ORD,2426,0.1471558120362737,13.798021434460017,0.1499550328518942,733.0,0.07910009781545484,0.11914350260288774
LGA,PHL,167,0.10778443113772455,6.191616766467066,0.09684282114604204,96.0,0.011348192443598804,0.008201551910421373
LGA,PHX,3,0.3333333333333333,15.0,0.11550858027076771,2149.0,0.00011980352222355337,0.00014733326785188095
LGA,SLC,11,0.0,0.6363636363636364,0.06974164075055746,1983.0,0.0006896119365557018,0.0005402219821235635
LGA,TPA,688,0.251453488372093,19.3546511627907,0.22501354953642208,1010.0,0.04458846403110823,0.0337884294273647
MCO,ATL,2332,0.2538593481989708,19.463121783876502,0.22168350580961307,404.0,0.0674436764323105,0.08510948905109489
MCO,AUS,715,0.3412587412587413,23.876923076923077,0.29870339775442195,994.0,0.04801235562718238,0.026094890510948904
MCO,BNA,757,0.2655217965653897,15.910171730515192,0.26493663426929803,616.0,0.04609669954938497,0.02762773722627737
MCO,BOS,1307,0.2364192807957154,20.198163733741392,0.20938691020473302,1121.0,0.0556667660462541,0.0477007299270073
MCO,BWI,1431,0.2487770789657582,17.095737246680642,0.2525477523420558,787.0,0.11460836136472849,0.05222627737226277
MCO,CLT,1463,0.2734107997265892,21.53656869446343,0.2448299258004579,468.0,0.0682560418027433,0.053394160583941606
MCO,DAL,691,0.3458755426917511,19.44862518089725,0.28641391328903804,973.0,0.0775359066427289,0.02521897810218978
MCO,DCA,1335,0.2157303370786517,17.584269662921347,0.2285719625296631,759.0,0.07495788882650196,0.04872262773722628
MCO,DEN,1217,0.28430566967953985,20.612982744453575,0.24662456047182169,1546.0,0.038962702097006564,0.04441605839416058
MCO,DFW,1302,0.35944700460829493,28.678187403993856,0.30675563905614617,985.0,0.04728183898028108,0.04751824817518248
MCO,DTW,1112,0.29406474820143885,22.24730215827338,0.23225211173850194,957.0,0.06428117232209954,0.04058394160583942
MCO,EWR,1764,0.2046485260770975,16.4359410430839,0.1661726954247011,937.0,0.09552691432903715,0.06437956204379562
MCO,FLL,351,0.19658119658119658,11.823361823361823,0.18528445124773815,177.0,0.019368723098995694,0.01281021897810219
MCO,IAH,976,0.24487704918032788,20.572745901639344,0.21120239680797578,854.0,0.05357044843295461,0.03562043795620438
MCO,JFK,1050,0.24952380952380954,21.603809523809524,0.20301840193564794,944.0,0.06069013351829374,0.03832116788321168
MCO,LAS,297,0.39730639730639733,22.589225589225588,0.3180247638069644,2039.0,0.01207415237011139,0.01083941605839416
MCO,LAX,755,0.21589403973509932,15.124503311258279,0.1676808917232501,2218.0,0.025930759719741722,0.027554744525547445
MCO,LGA,1404,0.26994301994301995,18.99928774928775,0.21301838255761982,950.0,0.0689012121509545,0.05124087591240876
MCO,MDW,747,0.26506024096385544,17.204819277108435,0.21342424822858255,990.0,0.07284961966062024,0.027262773722627736
MCO,MIA,940,0.24468085106382978,23.08723404255319,0.24451830092928875,192.0,0.04439197166469894,0.034306569343065696
MCO,MSP,673,0.16939078751857356,12.9925705794948,0.13742738773463534,1310.0,0.044431240509671885,0.024562043795620436
MCO,ORD,1404,0.24216524216524216,18.452279202279204,0.22184453495804768,1005.0,0.045777632865992825,0.05124087591240876
MCO,PHL,1529,0.29561805101373445,22.49509483322433,0.2765727667108156,861.0,0.10390051644468605,0.0558029197080292
MCO,PHX,431,0.31322505800464034,21.127610208816705,0.25122489028786915,1849.0,0.017211772692783834,0.01572992700729927
MCO,SAN,160,0.29375,23.09375,0.20581861943316912,2149.0,0.011333050007083156,0.00583941605839416
MCO,SEA,455,0.17802197802197803,12.791208791208792,0.15993698652437027,2554.0,0.026451950467996047,0.016605839416058393
MCO,SFO,250,0.284,20.016,0.24772512123669135,2446.0,0.012944648682234765,0.009124087591240875
MCO,SLC,552,0.22644927536231885,15.657608695652174,0.19066926034322929,1931.0,0.034605980816249764,0.020145985401459853
MDW,ATL,795,0.18364779874213835,16.657861635220126,0.18844407945955274,591.0,0.02299216242010585,0.07713204618220627
MDW,AUS,313,0.20766773162939298,11.731629392971247,0.22146127680781277,972.0,0.021017996239591726,0.030367711264189384
MDW,BNA,425,0.15764705882352942,8.430588235294117,0.17833935946592142,395.0,0.025879917184265012,0.0412341127389153
MDW,BOS,245,0.21224489795918366,12.93061224489796,0.20774912696116915,861.0,0.010434856680437837,0.023770253225962937
MDW,BWI,393,0.18829516539440203,11.292620865139948,0.22380398989170966,611.0,0.031475252282556467,0.03812942660327932
MDW,CLT,178,0.20786516853932585,9.196629213483146,0.2400274162600308,584.0,0.0083045628440795,0.017269816629475115
MDW,DAL,467,0.17558886509635974,10.346895074946467,0.18680170844623287,793.0,0.05240125673249551,0.04530901329193752
MDW,DCA,497,0.16901408450704225,8.55533199195171,0.19558800842011612,601.0,0.027905670971364403,0.04821965654409625
MDW,DEN,711,0.19268635724331926,14.638537271448664,0.18341174698781576,895.0,0.022762926204578197,0.06898224507616184
MDW,DFW,118,0.22033898305084745,21.02542372881356,0.2801023949958763,797.0,0.004285143624940989,0.01144853012515766
MDW,DTW,496,0.2217741935483871,15.848790322580646,0.23601849726710739,228.0,0.02867217758251922,0.04812263510235762
MDW,FLL,326,0.27300613496932513,17.515337423312882,0.24012243307929215,1167.0,0.017989184416731044,0.0316289900067915
MDW,IAH,161,0.21739130434782608,11.453416149068323,0.204557974317362,917.0,0.008836928481255831,0.015620452119918502
MDW,LAS,710,0.21830985915492956,14.938028169014084,0.21182601232859946,1521.0,0.028864135295552484,0.0688852236344232
MDW,LAX,281,0.2491103202846975,12.921708185053381,0.1900300540848548,1750.0,0.009651050968539635,0.02726302512855341
MDW,LGA,582,0.211340206185567,12.936426116838488,0.2055564808142974,725.0,0.028561613583942682,0.0564664790918793
MDW,MCO,721,0.24965325936199723,18.31761442441054,0.2122307380359447,990.0,0.026290840140023336,0.06995245949354807
MDW,MIA,274,0.2591240875912409,23.22992700729927,0.2542185562058455,1182.0,0.01293978748524203,0.026583875036383042
MDW,MSP,632,0.17246835443037975,13.19620253164557,0.1760231613933268,349.0,0.041724433881296624,0.06131755117881052
MDW,PHL,340,0.19705882352941176,9.123529411764705,0.2402715307898846,668.0,0.02310410437618918,0.03298729019113224
MDW,PHX,695,0.18705035971223022,11.31798561151079,0.19979030535380446,1444.0,0.027754482648456532,0.06742990200834384
MDW,SAN,233,0.21030042918454936,12.068669527896995,0.1599032103355421,1728.0,0.016503754072814847,0.02260599592509945
MDW,SEA,91,0.2967032967032967,19.582417582417584,0.29191925009694963,1733.0,0.005290390093599209,0.008828951198214805
MDW,SFO,3,0.0,0.0,0.29698404456455857,1855.0,0.00015533578418681717,0.0002910643252158727
MDW,SLC,163,0.2147239263803681,11.85276073619632,0.23923266722801773,1259.0,0.010218795059870854,0.01581449500339575
MDW,TPA,457,0.25164113785557984,15.938730853391684,0.21829194748040717,997.0,0.029617627997407647,0.04433879887455128
MIA,ATL,1806,0.31118493909191586,23.52048726467331,0.27799562127931415,594.0,0.052231251988315935,0.08527314792955286
MIA,AUS,479,0.31524008350730687,21.48016701461378,0.34250799625057593,1103.0,0.03216492076282568,0.02261674300014165
MIA,BNA,733,0.28240109140518416,20.432469304229194,0.3045399501543801,806.0,0.04463524540250883,0.034609754945937016
MIA,BOS,1022,0.31702544031311153,25.478473581213308,0.3340599693050536,1258.0,0.043528259295540696,0.048255347277964024
MIA,BWI,710,0.2380281690140845,15.987323943661972,0.2768385825772437,946.0,0.056863687329809384,0.033523773549270504
MIA,CLT,855,0.2631578947368421,19.204678362573098,0.27393236842783786,650.0,0.03988989456004479,0.04037017800651589
MIA,DAL,122,0.4672131147540984,25.598360655737704,0.4149994998355265,1109.0,0.013689407540394972,0.005760423060578875
MIA,DCA,971,0.2842430484037075,18.88465499485067,0.30306146625424724,919.0,0.0545199326221224,0.0458473015723122
MIA,DEN,722,0.29916897506925205,27.7202216066482,0.26329697401486174,1709.0,0.023115095245717945,0.03409037253883564
MIA,DFW,1257,0.3707239459029435,30.650755767700876,0.3497436738255455,1121.0,0.045647674038566295,0.05935124415694792
MIA,DTW,526,0.3041825095057034,20.574144486692017,0.30418931645274433,1145.0,0.030406381871784495,0.02483592237593843
MIA,EWR,1189,0.2531539108494533,20.675357443229604,0.26854878504620855,1085.0,0.06438860608686234,0.056140516549412156
MIA,IAH,776,0.3492268041237113,28.448453608247423,0.3070784199079506,964.0,0.04259289752456227,0.03664006799187875
MIA,JFK,1448,0.3011049723756906,25.949585635359117,0.29281990693457743,1089.0,0.08369458412808509,0.06836961140752633
MIA,LAS,357,0.39215686274509803,30.971988795518207,0.31845805404579264,2174.0,0.014513375071143995,0.016856319939562773
MIA,LAX,1011,0.34025717111770526,28.394658753709198,0.30498455782469364,2342.0,0.03472317626047534,0.047735964870862645
MIA,LGA,1500,0.30466666666666664,21.23,0.3096687049070671,1096.0,0.07361240614418217,0.07082487369564192
MIA,MCO,939,0.32055378061767836,24.48136315228967,0.32352945628819596,192.0,0.034240081680280046,0.044336370933471834
MIA,MDW,275,0.2545454545454545,18.701818181818183,0.27854057511038366,1182.0,0.026818802418568363,0.01298456017753435
MIA,MSP,424,0.30424528301886794,28.59198113207547,0.29097594107144453,1501.0,0.027992341717831912,0.02001983096463478
MIA,ORD,1192,0.27348993288590606,22.431208053691275,0.2876008361716119,1197.0,0.038865340723834366,0.05628216629680344
MIA,PHL,826,0.3268765133171913,27.386198547215496,0.31334714531213953,1013.0,0.05612938298450666,0.03900089711506681
MIA,PHX,456,0.37280701754385964,29.214912280701753,0.3635447909964362,1972.0,0.01821013537798011,0.02153076160347514
MIA,SAN,177,0.4293785310734463,47.76836158192091,0.4326644821679873,2267.0,0.012537186570335741,0.008357335096085746
MIA,SEA,175,0.3142857142857143,25.577142857142857,0.3124018678371004,2724.0,0.010173827103075402,0.008262901931158223
MIA,SFO,384,0.4791666666666667,31.859375,0.35969671236976636,2585.0,0.019882980375912598,0.01813116766608433
MIA,SLC,225,0.25333333333333335,18.72888888888889,0.21305419961927247,2088.0,0.01410569870227572,0.010623731054346287
MIA,TPA,622,0.3665594855305466,30.929260450160772,0.3560928769825256,204.0,0.040311082307193775,0.029368714292459512
MSP,ATL,851,0.14571092831962398,9.338425381903642,0.1435373802647663,907.0,0.02461173612516991,0.05624586913417052
MSP,AUS,318,0.12264150943396226,9.279874213836479,0.14841621179055559,1042.0,0.02135374697824335,0.021017845340383343
MSP,BNA,345,0.1391304347826087,8.034782608695652,0.13618106425840193,695.0,0.02100840336134454,0.02280237937871778
MSP,BOS,472,0.21398305084745764,18.809322033898304,0.16775476390623933,1124.0,0.02010307082925167,0.031196298744216786
MSP,BWI,259,0.18532818532818532,13.4015444015444,0.183262397946796,936.0,0.02074323242031075,0.017118307997356245
MSP,CLT,543,0.1731123388581952,11.37937384898711,0.15977770331901248,930.0,0.025333582159186338,0.03588896232650363
MSP,DAL,9,0.3333333333333333,15.555555555555555,0.1818178211440811,853.0,0.0010098743267504488,0.0005948446794448116
MSP,DCA,505,0.18613861386138614,13.62970297029703,0.16876624100644616,931.0,0.028354856822010107,0.0333773959021811
MSP,DEN,1410,0.15460992907801419,9.602127659574467,0.15431520923757627,680.0,0.04514166800064031,0.09319233311302048
MSP,DFW,687,0.2081513828238719,16.229985443959244,0.20344808727910862,852.0,0.024948251443512367,0.04540647719762062
MSP,DTW,524,0.12213740458015267,7.406488549618321,0.13007151636836847,528.0,0.030290768252500145,0.03463317911434237
MSP,EWR,500,0.12,11.376,0.11833998594265628,1008.0,0.02707678977580418,0.03304692663582287
MSP,FLL,260,0.18461538461538463,10.76923076923077,0.17339724762063052,1487.0,0.014347202295552367,0.017184401850627893
MSP,IAH,428,0.10514018691588785,9.219626168224298,0.12600526802966414,1034.0,0.023491958943959602,0.028288169200264376
MSP,JFK,268,0.15671641791044777,8.496268656716419,0.15561897700304456,1029.0,0.015490434078954974,0.01771315267680106
MSP,LAS,696,0.15948275862068967,11.400862068965518,0.16097820933157025,1299.0,0.028294983331978208,0.04600132187706543
MSP,LAX,461,0.13665943600867678,8.928416485900216,0.11408004570209983,1535.0,0.01583321884874296,0.030469266358228685
MSP,LGA,576,0.1423611111111111,12.472222222222221,0.128451828659767,1020.0,0.028267163959365953,0.03807005948446794
MSP,MCO,668,0.2215568862275449,19.607784431137723,0.15412806394162676,1310.0,0.024358226371061845,0.04415069398545935
MSP,MDW,644,0.14440993788819875,9.366459627329192,0.16754365431850127,349.0,0.06280475911839282,0.04256444150693985
MSP,MIA,425,0.2611764705882353,22.327058823529413,0.22490583789451926,1501.0,0.020070838252656435,0.028089887640449437
MSP,ORD,1178,0.17232597623089982,12.446519524617997,0.17645950229973914,334.0,0.038408868601238995,0.07785855915399868
MSP,PHL,325,0.13846153846153847,10.618461538461538,0.14969998747778512,980.0,0.022084805653710248,0.021480502313284865
MSP,PHX,867,0.14648212226066898,14.460207612456747,0.14031831142682322,1276.0,0.034623217922606926,0.05730337078651685
MSP,SAN,285,0.10175438596491228,5.007017543859649,0.125375016556819,1532.0,0.020186995325116874,0.018836748182419035
MSP,SEA,539,0.11688311688311688,6.294990723562152,0.11774958299056429,1399.0,0.03133538747747224,0.03562458691341705
MSP,SFO,397,0.3602015113350126,21.896725440806044,0.24899942951921208,1589.0,0.020556102107388806,0.026239259748843356
MSP,SLC,377,0.10079575596816977,3.93368700265252,0.11520184979737984,991.0,0.023634881825590873,0.02491738268341044
MSP,TPA,313,0.15654952076677317,10.207667731629392,0.12287641737689504,1306.0,0.020285158781594297,0.020687376074025116
ORD,ATL,1272,0.21540880503144655,16.42138364779874,0.2112898575624338,606.0,0.03678745987216936,0.04146293761001369
ORD,AUS,673,0.2852897473997028,19.643387815750373,0.27802365189520084,977.0,0.04519204942250873,0.021937544820392462
ORD,BNA,1069,0.18054256314312442,14.318054256314312,0.222112614944082,409.0,0.06509560345877481,0.03484581784992503
ORD,BOS,1372,0.20626822157434402,18.097667638483966,0.21546816860932183,867.0,0.058435197410451896,0.044722602516461304
ORD,BWI,608,0.2450657894736842,16.76480263157895,0.24978045862964565,622.0,0.04869453788242832,0.01981876263120151
ORD,CLT,1029,0.1924198250728863,13.149659863945578,0.22438266747069768,599.0,0.04800783801436969,0.03354195188734598
ORD,DAL,314,0.19745222929936307,9.665605095541402,0.20845669465981442,798.0,0.03523339317773788,0.010235347806245519
ORD,DCA,1462,0.2188782489740082,16.93296853625171,0.2148972504967375,612.0,0.08208871420550252,0.04765630093226416
ORD,DEN,1398,0.1688125894134478,15.157367668097281,0.19619692896635882,888.0,0.04475748359212422,0.04557011539213769
ORD,DFW,1370,0.2562043795620438,18.042335766423356,0.26650201743420227,802.0,0.04975124378109453,0.044657409218332354
ORD,DTW,1157,0.21002592912705273,16.65687121866897,0.2190788110142805,235.0,0.06688247875599745,0.03771432296759893
ORD,EWR,1253,0.19154030327214686,12.869114126097367,0.18292213925902606,719.0,0.06785443517816528,0.040843601277788646
ORD,FLL,875,0.2914285714285714,21.757714285714286,0.24674297518241103,1182.0,0.048283853879262775,0.02852206793141665
ORD,IAH,1016,0.19783464566929135,13.831692913385826,0.19731798911420506,925.0,0.05576595861463308,0.03311819544950779
ORD,JFK,611,0.2520458265139116,22.111292962356792,0.23915603564010163,740.0,0.03531587769493093,0.01991655257839494
ORD,LAS,1201,0.2031640299750208,13.492089925062448,0.2405703542192892,1514.0,0.04882510773233596,0.03914857552643588
ORD,LAX,1471,0.21481985044187626,15.722637661454792,0.23307922025168418,1744.0,0.050522049732106056,0.04794967077384445
ORD,LGA,2431,0.20855614973262032,17.865076100370217,0.19437702055183953,733.0,0.11930117289100456,0.07924245387574157
ORD,MCO,1401,0.25767309064953603,19.199143468950748,0.23295600276272826,1005.0,0.05108663943990665,0.045667905339331114
ORD,MIA,1189,0.2767031118587048,18.64676198486123,0.27058612000227017,1197.0,0.05615112160566706,0.03875741573766217
ORD,MSP,1175,0.1523404255319149,14.163404255319149,0.16625416733310394,334.0,0.07757311678880306,0.0383010626507595
ORD,PHL,873,0.2520045819014891,24.38029782359679,0.24218289800065043,678.0,0.05932318564827399,0.028456874633287697
ORD,PHX,1556,0.17866323907455012,16.09897172236504,0.21177256450955567,1440.0,0.062138093526616346,0.050720385944324924
ORD,SAN,581,0.17555938037865748,15.888123924268502,0.21146183089864673,1723.0,0.041153137838220714,0.018938653106460656
ORD,SEA,807,0.161090458488228,10.178438661710038,0.16994826713926156,1721.0,0.046915876983896286,0.02630549579503227
ORD,SFO,889,0.3295838020247469,25.655793025871766,0.28547232238914566,1846.0,0.04603117071402682,0.028978421018319316
ORD,SLC,704,0.17613636363636365,14.292613636363637,0.1825695437844754,1250.0,0.04413516393956492,0.022948040941391225
ORD,TPA,921,0.251900108577633,18.18241042345277,0.2377057783951713,1012.0,0.05968891769280622,0.030021513788382553
PHL,ATL,1269,0.16863672182821118,10.710795902285264,0.1751791887362283,666.0,0.03670069699511236,0.08633827731664172
PHL,AUS,234,0.2094017094017094,19.84188034188034,0.25210412348527395,1430.0,0.015713134568896052,0.015920533405905567
PHL,BNA,567,0.14462081128747795,10.153439153439153,0.17637035054616718,675.0,0.034526854219948847,0.038576677098925025
PHL,BOS,1049,0.2011439466158246,14.714013346043851,0.21407048016916083,280.0,0.044678223092976706,0.07137025445638863
PHL,CLT,954,0.18867924528301888,20.71488469601677,0.2155359963511607,449.0,0.04450872445647103,0.06490679003946115
PHL,DAL,1,0.0,7.0,0.2387820512820512,1295.0,0.00011220825852782765,6.803646754660499e-05
PHL,DCA,319,0.09717868338557993,7.5109717868338555,0.11942386295514944,119.0,0.017911285794497474,0.02170363314736699
PHL,DEN,546,0.17399267399267399,15.00915750915751,0.18212215287512729,1558.0,0.017480390587481992,0.03714791128044632
PHL,DFW,750,0.18266666666666667,16.968,0.22040138043768673,1303.0,0.027236082361913064,0.05102735065995374
PHL,DTW,652,0.1579754601226994,15.688650306748466,0.18525881287903115,453.0,0.037690039886698654,0.044359776840386445
PHL,EWR,93,0.053763440860215055,5.139784946236559,0.06397725376817463,80.0,0.0050362828982995775,0.006327391481834263
PHL,FLL,729,0.27023319615912206,23.087791495198903,0.22815369166410587,992.0,0.040227347974837215,0.04959858484147503
PHL,IAH,433,0.16859122401847576,13.094688221709006,0.2067262032896117,1325.0,0.02376639771666941,0.029459790447679955
PHL,LAS,300,0.18666666666666668,16.73,0.2360333954730173,2176.0,0.01219611350516302,0.020410940263981495
PHL,LAX,575,0.19826086956521738,19.63478260869565,0.2181904693910178,2402.0,0.019748591839538397,0.039120968839297866
PHL,LGA,171,0.1111111111111111,10.409356725146198,0.0994788907059329,96.0,0.008391814300436767,0.011634235950469451
PHL,MCO,1527,0.2783235101506221,23.823182711198427,0.24339146551706958,861.0,0.05568115519253209,0.10389168594366581
PHL,MDW,345,0.17391304347826086,11.684057971014493,0.18615983353419863,668.0,0.03364540667056758,0.023472581303578717
PHL,MIA,824,0.24029126213592233,23.565533980582526,0.22218454049864053,1013.0,0.038913813459268004,0.056062049258402503
PHL,MSP,325,0.1076923076923077,11.910769230769231,0.12729288698085356,980.0,0.021456394005413614,0.02211185195264662
PHL,ORD,874,0.16132723112128147,15.433638443935926,0.1809308319494731,678.0,0.028496902510596674,0.05946387263573275
PHL,PHX,629,0.13990461049284578,12.99523052464229,0.195860118032026,2075.0,0.025118805159538356,0.04279493808681453
PHL,SAN,214,0.17757009345794392,11.66822429906542,0.24666450442292512,2370.0,0.015157954384473721,0.014559804054973466
PHL,SEA,177,0.192090395480226,13.192090395480227,0.2625757639438784,2378.0,0.010290099412824836,0.01204245475574908
PHL,SFO,265,0.23018867924528302,14.369811320754717,0.2907003312524343,2521.0,0.01372132760316885,0.01802966389985032
PHL,SLC,131,0.09923664122137404,16.328244274809162,0.11063455455018592,1927.0,0.008212651244436086,0.008912777248605253
PHL,TPA,745,0.22416107382550335,18.78791946308725,0.2189688964969337,920.0,0.04828256642903435,0.05068716832222071
PHX,ATL,868,0.1497695852534562,9.891705069124423,0.15184125526076045,1587.0,0.025103392428492927,0.034624436555107906
PHX,AUS,883,0.19592298980747452,13.52661381653454,0.21556009388779734,872.0,0.05929358044587698,0.03522278511308788
PHX,BNA,559,0.18246869409660108,9.744186046511627,0.18148485315555535,1449.0,0.0340397028376568,0.022298456260720412
PHX,BOS,546,0.19047619047619047,13.293040293040294,0.17442078229805416,2300.0,0.023254823459261467,0.0217798875104711
PHX,BWI,265,0.17358490566037735,8.0,0.1822543384801657,1999.0,0.021223770623097868,0.010570824524312896
PHX,CLT,722,0.13019390581717452,7.286703601108033,0.14240502512240166,1773.0,0.03368479985070449,0.028800510590769476
PHX,DAL,751,0.16378162450066577,9.801597869507324,0.18600136459107683,879.0,0.08426840215439857,0.029957317802864095
PHX,DCA,272,0.15073529411764705,10.290441176470589,0.14370656457597564,1979.0,0.015272318921953958,0.010850053851370218
PHX,DEN,2447,0.18062934205149161,12.404985696771558,0.1862589068652044,602.0,0.07834160396990555,0.09761059475846663
PHX,DFW,1298,0.2041602465331279,16.940677966101696,0.23132062776276446,868.0,0.047136579874350874,0.051777095217200524
PHX,DTW,512,0.16015625,11.67578125,0.1376790108867887,1671.0,0.029597086536794034,0.020423630779049823
PHX,EWR,717,0.22873082287308227,12.733612273361228,0.20538675140803148,2133.0,0.038828116538503196,0.028601061071442817
PHX,FLL,91,0.4725274725274725,26.395604395604394,0.3125928202650771,1972.0,0.005021520803443328,0.0036299812517451833
PHX,IAH,633,0.11058451816745656,10.488151658767773,0.14719436281098647,1009.0,0.03474394862506175,0.025250309146754957
PHX,JFK,673,0.21842496285289748,23.11144130757801,0.1939743435236448,2153.0,0.03889948557886827,0.026845905301368225
PHX,LAS,1732,0.24364896073903003,17.337759815242496,0.282577194788361,255.0,0.0704122286364745,0.06908931349475447
PHX,LAX,1498,0.1822429906542056,10.98931909212283,0.1856093189203151,370.0,0.05144937491413656,0.059755075990266866
PHX,LGA,3,0.3333333333333333,7.0,0.15425922596351568,2149.0,0.00014722481228836434,0.00011966971159599506
PHX,MCO,430,0.2651162790697674,19.086046511627906,0.22823426507641298,1849.0,0.015679696616102683,0.017152658662092625
PHX,MDW,677,0.18020679468242246,9.952732644017726,0.17189963225315508,1444.0,0.06602301540862103,0.02700546491682955
PHX,MIA,451,0.17960088691796008,13.261640798226164,0.18217716277816545,1972.0,0.0212987012987013,0.017990346643264588
PHX,MSP,867,0.16147635524798154,12.272202998846597,0.1318415235511175,1276.0,0.05723905723905724,0.03458454665124257
PHX,ORD,1537,0.18282368249837344,12.65191932335719,0.1682256738643309,1440.0,0.050114118030648844,0.0613107822410148
PHX,PHL,631,0.13312202852614896,10.272583201267828,0.15473860264264241,2075.0,0.04287849959228051,0.025170529339024292
PHX,SAN,1372,0.1989795918367347,10.70262390670554,0.22939402576208773,304.0,0.09718090381073806,0.05472894810323507
PHX,SEA,1732,0.1541570438799076,9.716512702078521,0.17774956277619233,1107.0,0.10069182024300913,0.06908931349475447
PHX,SFO,1161,0.4737295434969854,32.11024978466839,0.39872896794592816,651.0,0.06011494848029825,0.04631217838765009
PHX,SLC,1472,0.15421195652173914,9.692934782608695,0.16788254004742123,507.0,0.09228261550999937,0.05871793848976824
PHX,TPA,269,0.31226765799256506,17.817843866171003,0.2732775260134344,1788.0,0.01743357096565133,0.010730384139774223
SAN,ATL,456,0.07456140350877193,7.048245614035087,0.11651629426636556,1892.0,0.013187957312664488,0.032365675349563486
SAN,AUS,402,0.1890547263681592,9.619402985074627,0.2161600104211206,1164.0,0.026994359387590653,0.028532898005536236
SAN,BNA,162,0.19135802469135801,12.401234567901234,0.19724382066567475,1751.0,0.009864815491413957,0.011498332032081766
SAN,BOS,299,0.18394648829431437,14.357859531772576,0.22078061797176923,2588.0,0.012734784275309852,0.021222230108595357
SAN,BWI,198,0.13131313131313133,5.47979797979798,0.16262834375806282,2295.0,0.01585776069197501,0.014053516928099936
SAN,CLT,349,0.19197707736389685,13.896848137535816,0.19825513687231838,2077.0,0.016282541756088457,0.024771098019731704
SAN,DAL,351,0.21367521367521367,11.11965811965812,0.19442323645431817,1182.0,0.0393850987432675,0.02491305273617716
SAN,DEN,1235,0.14817813765182186,9.43157894736842,0.17883814989736355,853.0,0.039538978709780695,0.08765703740506778
SAN,DFW,897,0.19063545150501673,19.564102564102566,0.23228108984850843,1171.0,0.032574354504848024,0.06366669032578608
SAN,DTW,207,0.15458937198067632,9.753623188405797,0.16785353787437343,1956.0,0.0119660095959304,0.014692313152104479
SAN,EWR,319,0.11285266457680251,9.952978056426332,0.12520552595409934,2425.0,0.017274991876963068,0.022641777273049897
SAN,FLL,167,0.20958083832335328,16.461077844311376,0.15876313741812528,2269.0,0.009215318397527867,0.011853218823195401
SAN,IAH,355,0.09014084507042254,13.630985915492957,0.13135533852757547,1303.0,0.0194851528623964,0.02519696216906807
SAN,JFK,489,0.1901840490797546,14.621676891615541,0.22497601210759027,2446.0,0.028264262181376797,0.03470792817091348
SAN,LAS,1555,0.22315112540192927,16.535048231511254,0.2431520193966217,258.0,0.06321652166842832,0.11036979203634041
SAN,LAX,526,0.08745247148288973,6.444866920152092,0.13499821150915706,109.0,0.018065668361038605,0.03733409042515438
SAN,MCO,166,0.24096385542168675,15.596385542168674,0.22851081662628736,2149.0,0.006053092182030338,0.011782241464972674
SAN,MDW,213,0.20187793427230047,9.985915492957746,0.21168599658220497,1728.0,0.02077238150965477,0.015118177301440841
SAN,MIA,177,0.1864406779661017,61.3728813559322,0.13247913729176927,2267.0,0.008358913813459268,0.01256299240542267
SAN,MSP,285,0.08421052631578947,9.526315789473685,0.10218786121058915,1532.0,0.01881560705090117,0.02022854709347718
SAN,ORD,586,0.10580204778156997,8.013651877133105,0.12985982077161337,1723.0,0.019106618845777634,0.04159273191851799
SAN,PHL,213,0.107981220657277,5.690140845070423,0.12859569565892873,2370.0,0.01447404185920087,0.015118177301440841
SAN,PHX,1365,0.18608058608058609,14.12967032967033,0.21660664515488465,304.0,0.05451060261171679,0.09688409397402228
SAN,SEA,1020,0.17745098039215687,13.615686274509804,0.18678699431436935,1050.0,0.059298877972210916,0.07239690538718149
SAN,SFO,1367,0.4440380395025604,28.113386978785663,0.4119251825713201,447.0,0.0707813389944597,0.09702604869046774
SAN,SLC,652,0.16104294478527606,8.794478527607362,0.15642198516768244,626.0,0.040875180239483416,0.046277237561217974
SAN,TPA,78,0.14102564102564102,16.897435897435898,0.12075190006357406,2087.0,0.005055087491898898,0.005536233941372702
SEA,ATL,677,0.16691285081240767,9.617429837518463,0.188816995066031,2182.0,0.019579489255863725,0.03928965237072718
SEA,AUS,375,0.19466666666666665,11.106666666666667,0.19292756594618124,1770.0,0.025181305398871878,0.021763101387034994
SEA,BNA,270,0.17037037037037037,8.733333333333333,0.21848156963450122,1978.0,0.016441359152356595,0.015669432998665196
SEA,BOS,490,0.23061224489795917,12.363265306122448,0.25827019118126343,2496.0,0.020869713360875675,0.028437119145725727
SEA,BWI,71,0.352112676056338,18.014084507042252,0.2655146706958507,2335.0,0.005686368732980939,0.004120480529278625
SEA,CLT,257,0.13229571984435798,26.91828793774319,0.15930407000430566,2279.0,0.01199029579173276,0.014914978817247983
SEA,DAL,73,0.1917808219178082,9.273972602739725,0.2264200757253649,1670.0,0.008191202872531419,0.004236550403342813
SEA,DCA,182,0.23626373626373626,14.302197802197803,0.28844412134146075,2329.0,0.010218978102189781,0.010562358539840984
SEA,DEN,1381,0.19188993482983346,13.178131788559016,0.18675706314761134,1024.0,0.04421322234672643,0.08014624804132088
SEA,DFW,923,0.20585048754062837,20.84723726977248,0.23937832681561816,1660.0,0.03351853869339434,0.053566246880622136
SEA,DTW,385,0.11688311688311688,6.267532467532468,0.14489104900661987,1927.0,0.022255621712237703,0.02234345075735593
SEA,EWR,359,0.1615598885793872,13.462395543175488,0.18154443406278206,2402.0,0.019441135059027403,0.020834542394521503
SEA,FLL,251,0.17928286852589642,12.98804780876494,0.16560353359976004,2717.0,0.013850568369937094,0.014566769195055423
SEA,IAH,385,0.17662337662337663,12.615584415584415,0.18245688602443852,1874.0,0.02113178549865525,0.02234345075735593
SEA,JFK,559,0.22361359570661896,13.289803220035779,0.21933611550925927,2422.0,0.03231027108259638,0.032441529800940165
SEA,LAS,1544,0.22992227979274613,16.474740932642487,0.25679130910557907,867.0,0.06276933083990568,0.08960594277755209
SEA,LAX,1555,0.17234726688102894,10.889389067524116,0.17160166230745716,954.0,0.05340706140953427,0.09024432708490511
SEA,MCO,449,0.18485523385300667,10.770601336302896,0.17947937667204042,2554.0,0.01637252042007001,0.0260576867274099
SEA,MDW,89,0.10112359550561797,4.775280898876405,0.14672796655041392,1733.0,0.00867953969182758,0.005165109395856305
SEA,MIA,180,0.26666666666666666,14.633333333333333,0.28095825293107857,2724.0,0.008500590318772138,0.010446288665776798
SEA,MSP,538,0.10223048327137546,8.355018587360595,0.13646941182796,1399.0,0.03551858453819238,0.031222796123266207
SEA,ORD,810,0.18518518518518517,13.980246913580247,0.19960846099084215,1721.0,0.026410172807303553,0.04700829899599559
SEA,PHL,177,0.2598870056497175,13.412429378531073,0.2668348312014655,2378.0,0.012027724925251428,0.010272183854680518
SEA,PHX,1743,0.18703384968445208,12.608146873207113,0.21768600567540883,1107.0,0.06960584641188451,0.10115489524693866
SEA,SAN,1016,0.20570866141732283,12.746062992125983,0.2248484444490707,1050.0,0.07196486754497804,0.058963496024606814
SEA,SFO,1418,0.39492242595204513,27.708744710860366,0.34267806633665604,679.0,0.07342204732563558,0.08229354071150832
SEA,SLC,814,0.19533169533169534,10.92997542997543,0.17998448151171126,689.0,0.05103128330512194,0.04724043874412396
SEA,TPA,260,0.22692307692307692,15.01923076923077,0.259068951656304,2520.0,0.016850291639662993,0.015089083628344263
SFO,ATL,614,0.16449511400651465,9.530944625407166,0.14478823337543345,2139.0,0.017757468837666657,0.031711600041318046
SFO,AUS,437,0.16933638443935928,12.695652173913043,0.2117630180876506,1504.0,0.02934461455815203,0.022569982439830594
SFO,BNA,122,0.22131147540983606,12.852459016393443,0.17347266246556894,1969.0,0.007429058579953721,0.006301001962607169
SFO,BOS,872,0.24655963302752293,19.78440366972477,0.24383183232045544,2704.0,0.03713957153200732,0.04503666976552009
SFO,BWI,91,0.14285714285714285,7.153846153846154,0.12258813125196592,2457.0,0.007288162742271344,0.004699927693420101
SFO,CLT,355,0.30140845070422534,32.304225352112674,0.22660654810417286,2296.0,0.01656247084072035,0.01833488276004545
SFO,DAL,6,0.0,0.0,0.2661683332868033,1476.0,0.0006732495511669659,0.0003098853424233034
SFO,DCA,181,0.13812154696132597,8.408839779005525,0.1423592516116196,2442.0,0.010162829870859067,0.009348207829769651
SFO,DEN,1188,0.2845117845117845,19.372053872053872,0.23577167658023185,967.0,0.03803425644309268,0.06135729779981407
SFO,DFW,899,0.3147942157953281,30.777530589543936,0.29826689005485113,1464.0,0.032646984057813126,0.04643115380642496
SFO,DTW,285,0.1649122807017544,17.557894736842105,0.15396171406785633,2079.0,0.01647494074802012,0.01471955376510691
SFO,EWR,859,0.22235157159487776,15.973224679860303,0.2059773756097825,2565.0,0.04651792483483158,0.04436525152360293
SFO,FLL,476,0.27310924369747897,21.294117647058822,0.20436909815560989,2584.0,0.02626641651031895,0.024584237165582067
SFO,IAH,694,0.1484149855907781,14.06628242074928,0.16504749712520764,1635.0,0.03809210165212141,0.035843404606962094
SFO,JFK,1366,0.18814055636896046,18.42020497803807,0.19216726533029174,2586.0,0.07895497370094214,0.07055056295837207
SFO,LAS,1233,0.3795620437956204,30.89456609894566,0.31536518594969437,414.0,0.050126026506220014,0.06368143786798884
SFO,LAX,2552,0.3013322884012539,20.75822884012539,0.2741059482535242,337.0,0.08764940239043825,0.13180456564404502
SFO,MCO,249,0.20481927710843373,16.12449799196787,0.1339262905372322,2446.0,0.009079638273045507,0.012860241710567091
SFO,MDW,3,0.0,1.3333333333333333,0.18947501238280132,1855.0,0.0002925687536571094,0.0001549426712116517
SFO,MIA,393,0.23918575063613232,21.450381679389313,0.20860650217827148,2585.0,0.018559622195985833,0.020297489928726372
SFO,MSP,398,0.17839195979899497,11.183417085427136,0.13745149100835788,1589.0,0.026275830197398826,0.020555727714079125
SFO,ORD,896,0.20535714285714285,17.176339285714285,0.1641089131405582,1846.0,0.029214215846103685,0.046276211135213303
SFO,PHL,263,0.23574144486692014,12.152091254752852,0.18744528184935813,2521.0,0.017871704267463984,0.013583307509554799
SFO,PHX,1170,0.3111111111111111,25.356410256410257,0.27936647074559734,651.0,0.04672337366718581,0.06042764177254416
SFO,SAN,1367,0.3043160204828091,19.083394294074616,0.2832977494572976,447.0,0.09682674599801672,0.07060221051544262
SFO,SEA,1396,0.23925501432664756,16.869627507163322,0.204455593790672,679.0,0.08115807220510435,0.07209998967048858
SFO,SLC,822,0.2822384428223844,22.214111922141118,0.2233844565386192,599.0,0.05153281925898063,0.04245429191199256
SFO,TPA,175,0.1657142857142857,11.714285714285714,0.14072171379603596,2393.0,0.01134154244977317,0.009038322487346349
SLC,ATL,761,0.16557161629434955,10.988173455978975,0.17144009130523066,1590.0,0.022008849813459814,0.047693657558285286
SLC,AUS,400,0.2125,16.075,0.2647897799941013,1086.0,0.026860059092130004,0.025068939583855605
SLC,BNA,244,0.1762295081967213,10.672131147540984,0.21194661201870318,1404.0,0.014858117159907442,0.015292053146151919
SLC,BOS,289,0.22837370242214533,16.32179930795848,0.24030145827849073,2105.0,0.01230887175774096,0.018112308849335672
SLC,BWI,182,0.22527472527472528,11.241758241758241,0.2594119253065183,1865.0,0.014576325484542688,0.011406367510654299
SLC,CLT,231,0.11255411255411256,11.567099567099566,0.14223217907300872,1727.0,0.01077726975832789,0.01447731260967661
SLC,DAL,185,0.2702702702702703,11.908108108108108,0.23456397766113155,999.0,0.020758527827648116,0.011594384557533217
SLC,DCA,91,0.15384615384615385,10.659340659340659,0.16352233865373683,1851.0,0.0051094890510948905,0.0057031837553271495
SLC,DEN,2003,0.20868696954568147,14.581627558662007,0.2246526899375651,391.0,0.06412678085481031,0.12553271496615692
SLC,DFW,976,0.2305327868852459,22.755122950819672,0.26040979649763063,989.0,0.03544322184696953,0.061168212584607674
SLC,DTW,350,0.1657142857142857,11.457142857142857,0.17245790898673435,1481.0,0.020232383374761548,0.021935322135873653
SLC,EWR,387,0.23255813953488372,18.976744186046513,0.2052717739216613,1969.0,0.020957435286472436,0.024254199047380295
SLC,FLL,183,0.28415300546448086,26.87431693989071,0.24663200236657445,2084.0,0.010098223154177244,0.011469039859613938
SLC,IAH,564,0.15780141843971632,11.53014184397163,0.17599771853397525,1195.0,0.03095669356166639,0.0353472048132364
SLC,JFK,545,0.24220183486238533,15.280733944954129,0.2543780751184502,1990.0,0.03150106930235246,0.03415643018300326
SLC,LAS,1163,0.2794496990541703,19.42476354256234,0.29552483706832816,368.0,0.04728026668834864,0.07288794184006017
SLC,LAX,1379,0.17113850616388687,10.98912255257433,0.19916615803858456,590.0,0.04736227503777991,0.08642516921534218
SLC,LGA,11,0.36363636363636365,14.0,0.2674286515847145,1983.0,0.0005398243117240026,0.0006893958385560291
SLC,MCO,551,0.18148820326678766,11.166969147005444,0.19614167841223532,1931.0,0.02009189031505251,0.03453246427676109
SLC,MDW,165,0.21818181818181817,10.32121212121212,0.2432591087645851,1259.0,0.01609128145114102,0.010340937578340436
SLC,MIA,226,0.3185840707964602,21.38938053097345,0.28477702222531415,2088.0,0.010672963400236128,0.014163950864878415
SLC,MSP,378,0.15079365079365079,9.835978835978835,0.15546150591146368,991.0,0.024955436720142603,0.023690147906743543
SLC,ORD,703,0.16927453769559034,16.935988620199147,0.1911761481048658,1250.0,0.022921421584610368,0.04405866131862622
SLC,PHL,132,0.22727272727272727,13.371212121212121,0.17499106946691917,1927.0,0.008969828757814623,0.008272750062672349
SLC,PHX,1478,0.2029769959404601,14.968876860622462,0.23695372110287322,507.0,0.05902320194880396,0.09262973176234646
SLC,SAN,652,0.21012269938650308,11.125766871165645,0.2176912876698615,626.0,0.04618217877886386,0.040862371521684634
SLC,SEA,813,0.17343173431734318,10.199261992619926,0.20163364445544116,689.0,0.047264693913144584,0.05095261970418651
SLC,SFO,819,0.4188034188034188,27.821733821733822,0.3629101405936013,599.0,0.042406669083001086,0.051328653797944344
SLC,TPA,95,0.11578947368421053,9.505263157894737,0.1404427903191808,1888.0,0.006156837329876863,0.005953873151165706
TPA,ATL,1715,0.19941690962099126,13.612244897959183,0.15885744936185514,406.0,0.04959944471758684,0.1113130395274875
TPA,AUS,272,0.2977941176470588,17.698529411764707,0.22387933464697832,928.0,0.0182648401826484,0.017654312974621927
TPA,BNA,556,0.19784172661870503,13.16546762589928,0.18507005906168358,612.0,0.033857021069297284,0.03608749269812423
TPA,BOS,655,0.1969465648854962,15.98473282442748,0.18474345715184332,1185.0,0.027897269900762384,0.042513143376387355
TPA,BWI,797,0.19824341279799249,14.038895859473024,0.16911379750746403,842.0,0.06383149127022265,0.05172973323813851
TPA,CLT,989,0.24469160768452983,18.66026289180991,0.2047867554036885,507.0,0.04614164411682374,0.06419160122022458
TPA,DAL,357,0.2913165266106443,16.92717086834734,0.23090598092981704,917.0,0.04005834829443447,0.023171285779191277
TPA,DCA,560,0.24642857142857144,25.46785714285714,0.19776186427234407,814.0,0.031443009545199324,0.03634711494775102
TPA,DEN,921,0.2290988056460369,17.903365906623236,0.16984706325167878,1506.0,0.029486153353609733,0.05977802297656909
TPA,DFW,759,0.31620553359683795,28.367588932806324,0.2561228344532485,929.0,0.02756291535025602,0.04926332186668397
TPA,DTW,688,0.2369186046511628,20.125,0.17639337808612005,983.0,0.03977108503381698,0.044655026935808396
TPA,EWR,700,0.15857142857142856,11.737142857142857,0.12486558514744703,997.0,0.03790750568612585,0.04543389368468878
TPA,FLL,335,0.1880597014925373,10.444776119402984,0.19148323794977276,197.0,0.01848581834234632,0.021743363406243915
TPA,IAH,444,0.23423423423423423,16.666666666666668,0.18423152442922316,787.0,0.02437016301663099,0.028818069708574024
TPA,JFK,540,0.23148148148148148,20.364814814814814,0.154226665707653,1005.0,0.031212068666551067,0.035049003699617054
TPA,LAS,215,0.3209302325581395,21.804651162790698,0.1973345560909178,1984.0,0.008740548012033498,0.013954695917440125
TPA,LAX,307,0.19543973941368079,11.635179153094462,0.15515364848708468,2158.0,0.010544030773457893,0.019926007658856364
TPA,LGA,690,0.1927536231884058,18.25072463768116,0.1612837588404763,1010.0,0.0338617068263238,0.04478483806062179
TPA,MDW,450,0.22444444444444445,18.204444444444444,0.16531113315315993,997.0,0.04388531304856641,0.029207503083014213
TPA,MIA,621,0.23832528180354268,21.634460547504027,0.2038961903994858,204.0,0.02932703659976387,0.04030635425455962
TPA,MSP,312,0.14743589743589744,11.176282051282051,0.11062579679545105,1306.0,0.02059813824519707,0.020250535470889855
TPA,ORD,914,0.18490153172866522,16.77680525164114,0.14553653598446248,1012.0,0.029801108575154875,0.059323684039722206
TPA,PHL,748,0.22593582887700533,21.97192513368984,0.18858795340424567,920.0,0.0508290296276162,0.04854936068021029
TPA,PHX,269,0.30855018587360594,24.230483271375466,0.21837753741495936,1788.0,0.010742382492711953,0.01745959628740183
TPA,SAN,78,0.5128205128205128,37.91025641025641,0.3359970379046936,2087.0,0.0055248618784530384,0.005062633867722464
TPA,SEA,257,0.19844357976653695,16.06614785992218,0.148331161810424,2520.0,0.014940991802802162,0.01668072953852145
TPA,SFO,163,0.3006134969325153,21.288343558282207,0.16976350211554211,2393.0,0.008439910940817067,0.010579606672291816
TPA,SLC,95,0.06315789473684211,5.494736842105263,0.07834364552011071,1888.0,0.005955739452071971,0.006166028428636334
